<?xml version="1.0" encoding="UTF-8" standalone="yes"?>
<addon id="plugin.video.diziport"
       name="Diziport"
       version="0.1.4"
       provider-name="drascom">
  <requires>
    <import addon="xbmc.python" version="1.0"/>
	  </requires>
  <extension point="xbmc.python.pluginsource"
            library="default.py">
        <provides>video</provides>
  </extension>
  <extension point="xbmc.addon.metadata">
    <summary>Videos from diziport.com</summary>
    <description>Search, download and watch Most recent tv series from diziport.com / Tüm güncel dizileri ister izleyin ister indirin</description>
    <platform>all</platform>
  </extension>
</addon>
