<?xml version="1.0" encoding="UTF-8" standalone="yes"?>
<addon id="plugin.video.dizihd"
       name="DiziHD"
       version="0.0.6"
       provider-name="drascom">
  <requires>
    <import addon="xbmc.python" version="1.0"/>
	  </requires>
  <extension point="xbmc.python.pluginsource"
            library="default.py">
        <provides>video</provides>
  </extension>
  <extension point="xbmc.addon.metadata">
    <summary>Videos from diziHD.com</summary>
    <description>Watch, Search Most recent tv series,Documentaries from diziHD.com</description>
    <platform>all</platform>
  </extension>
</addon>
