<?xml version="1.0" encoding="UTF-8" standalone="yes"?>
<addon id="xbmcTR.repo" 
		name="xbmcTR Addons-Eklenti Deposu" 
		version="1.0.5" 
		provider-name="drascom">
	<requires>
       <import addon="xbmc.python" version="1.0"/>
	</requires>
	<extension point="xbmc.addon.repository" name="drascom Add-on Repository">
		<info compressed="false">http://xbmc-tr-team-turkish-addons.googlecode.com/svn/trunk/addons.xml</info>
		<checksum>http://xbmc-tr-team-turkish-addons.googlecode.com/svn/trunk/addons.xml.md5</checksum>
		<datadir zip="false">http://xbmc-tr-team-turkish-addons.googlecode.com/svn/trunk/</datadir>
	</extension>
	<extension point="xbmc.addon.metadata">
		<summary>Install Add-ons from xbmcTR Add-on Repository</summary>
		<description>Video plug-ins and Movie info scrapers for XBMC</description>
		<disclaimer></disclaimer>
		<platform>all</platform>
	</extension>
</addon>
