<?xml version='1.0' encoding='UTF-8' standalone='yes'?>
<addon id='plugin.video.xbmctr' version='2.1.2' name='Media center TR' provider-name='xbmcTR Team'>
  <requires>
    <import addon='xbmc.python' version='1.0'/>
    <import addon='script.common.plugin.cache' version='0.9.2'/>
    <import addon="script.module.beautifulsoup" version="3.0.8"/>
	<import addon="script.module.simplejson" />
  </requires>
  <extension point='xbmc.python.pluginsource'
            library='default.py'>
        <provides>video</provides>
  </extension>
  <extension point='xbmc.addon.metadata'>
    <platform>all</platform>
    <summary lang='en'>Turkish Multimedia</summary>
    <description lang='en'>Plugin that let's you browse and play videos from Turkey</description>
    <summary lang='tr'>Tum Turk Medya</summary>
    <description lang='tr'>Dizi Film Hersey burda..</description>
  </extension>
</addon>
