<?xml version="1.0" encoding="UTF-8" standalone="yes"?>
<addon id="script.module.xbmctr" 
	     name="xbmctr Main module" 
	     version="2.1.6" 
	     provider-name="xbmcTR.com">
  <requires>
    <import addon="xbmc.python" version="2.0" />
	<import addon="script.module.urlresolver"/>
  </requires>
  <extension point="xbmc.python.module" library="lib" />
  <extension point="xbmc.addon.metadata">
    <platform>all</platform>
    <summary lang="en">some functions for xbmctr team addons</summary>
    <description lang="en">test....</description>    
  </extension>
</addon>
