<?xml version="1.0" encoding="UTF-8" standalone="yes"?>
<addon id="metadata.turkcealtyazi.org"
       name="altturk"
       version="1.0.7"
       provider-name="drascom">
  <requires>
    <import addon="xbmc.metadata" version="1.0"/>
    <import addon="metadata.common.themoviedb.org" version="1.0"/>
  </requires>
  <extension point="xbmc.metadata.scraper.movies"
             language="tr"
             library="altturk.xml"/>
  <extension point="xbmc.addon.metadata">
    <summary lang="en">Turkcealtyazi.org Movie Scraper</summary>
	<summary lang="tr">Turkcealtyazi.org Film Bilgisi</summary>
    <description lang="en">Download Movie information from www.Turkcealtyazi.org </description>
	<description lang="tr">Film bilgilerini (Poster, Oyuncular, Yıl, Tür vs..)
	www.Turkcealtyazi.org sitesinden alır. http://code.google.com/p/turkishxbmcscraper/ </description>
        <platform>all</platform>
  </extension>
</addon>