﻿<?xml version="1.0" encoding="utf-8"?><scraper framework="1,1" date="2010-11-13"  content="movies" thumb="icon.png">
	<NfoUrl dest="3">
		<RegExp input="$$1" output="&lt;url&gt;\1&lt;/url&gt;" dest="3">
			<expression trim="1" noclean="1">(www.turkcealtyazi.org/find.php?cat=mov&amp;find=\1)</expression>
		</RegExp>
	</NfoUrl>
	<CreateSearchUrl SearchStringEncoding="iso-8859-9" dest="3">
		<RegExp input="$$1" output="&lt;url&gt;http://www.turkcealtyazi.org/filtre.php?tur=&amp;yil=$$2&amp;ulke=&amp;sira=3&amp;altyazi=3&amp;fragman=3&amp;tip=3&amp;plimit=0&amp;olimit=0&amp;find=\1&lt;\url&gt;" dest="3">
			<RegExp input="$$2" output="\1" dest="3">
				<expression>\d+</expression>
			</RegExp>
			<expression />
		</RegExp>
	</CreateSearchUrl>
	<GetSearchResults dest="8">
		<RegExp input="$$5" output="&lt;?xml version=&quot;1.0&quot; encoding=&quot;iso-8859-9&quot; standalone=&quot;yes&quot;?&gt;&lt;results&gt;\1&lt;/results&gt;" dest="8">
			<!--search results page-->
			<RegExp input="$$1" output="&lt;entity&gt;&lt;title&gt;\3-\5&lt;/title&gt;&lt;url&gt;http://www.turkcealtyazi.org/mov/\1/\2.html&lt;/url&gt;&lt;id&gt;\1&lt;/id&gt;&lt;year&gt;\4&lt;/year&gt;&lt;/entity&gt; \n" dest="5">
				<expression cs="true" repeat="yes">&lt;a href="/mov/(.[0-9]*)/(.*?).html" title="(.*?)"&gt;.[^\(]*\((.*?)\)&lt;/b&gt;&lt;/span&gt;&lt;br /&gt;&lt;b&gt;(.*?)&lt;</expression>
			</RegExp>
			<expression noclean="1" />
		</RegExp>
	</GetSearchResults>
	<GetDetails dest="3">
		<RegExp input="$$5" output="&lt;details&gt;\1&lt;/details&gt;" dest="3">
			<!--Title-->
			<RegExp input="$$1" output="&lt;title&gt;\1&lt;/title&gt;" dest="5">
				<expression>&lt;h1 style="color:#333;"&gt;(.*?)&lt;</expression>
			</RegExp>
			<!--original title-->
			<RegExp input="$$1" output="&lt;originaltitle&gt;\1&lt;/originaltitle&gt;" dest="5+">
				<expression>&lt;title&gt;(.*?)\(</expression>
			</RegExp>
			<!--Year Film-->
			<RegExp input="$$7" output="&lt;year&gt;\1&lt;/year&gt;" dest="5+">
				<RegExp input="$$1" output="\3" dest="7+">
					<expression>&lt;title&gt;(.[^\(]*)(.*?)\(([0-9]*)</expression>
				</RegExp>
				<expression>([0-9]*)</expression>
			</RegExp>
			<!--rating-->
			<RegExp input="$$1" output="&lt;rating max=&quot;10&quot;&gt;\1&lt;/rating&gt;" dest="5+">
				<expression>&lt;strong&gt;([0-9].*)&lt;/strong&gt;&lt;/span&gt;&lt;span style="color:#666;font-size:11px;"&gt;[^\(]*\((.*?)\)&lt;</expression>
			</RegExp>
			<!--vote-->
			<RegExp input="$$1" output="&lt;votes&gt;\2&lt;/votes&gt;" dest="5+">
				<expression>&lt;strong&gt;([0-9].*)&lt;/strong&gt;&lt;/span&gt;&lt;span style="color:#666;font-size:11px;"&gt; \((.[^O]*)</expression>
			</RegExp>
			<!--Director-->
			<RegExp input="$$1" output="&lt;director&gt;\2&lt;/director&gt;" dest="5+">
				<expression noclean="1">netmen:&lt;/div&gt;\s*&lt;div class="right-container"&gt;\s*&lt;([^&gt;]*)&gt;(.*?)&lt;</expression>
			</RegExp>
			<!--Runtime Film-->
			<RegExp input="$$1" output="&lt;runtime&gt;\2&lt;/runtime&gt;" dest="5+">
				<expression>re:&lt;/div&gt;\s*&lt;([^&gt;]*)&gt;(.*?)&lt;/div&gt;</expression>
			</RegExp>
			<!--Actors-->
			<RegExp input="$$1" output="&lt;actor&gt;&lt;name&gt;\2&lt;/name&gt;&lt;thumb&gt;http://www.turkcealtyazi.org/\3&lt;/thumb&gt;&lt;/actor&gt;" dest="5+">
				<expression repeat="yes">&lt;li&gt;&lt;a href="/prs(.*?).html" title="(.*?)"&gt;&lt;img src="/(.*?)"</expression>
			</RegExp>
			<!--Genre Film-->
			<RegExp input="$$1" output="&lt;genre&gt;\2&lt;/genre&gt;" dest="5+">
				<expression repeat="yes">&lt;a href="/filtre.php\?tur(.[^&gt;]*)&gt;(.*?)&lt;</expression>
			</RegExp>
			<!--Thumbnail-->
			<RegExp input="$$1" output="&lt;thumb&gt;http://www.turkcealtyazi.org/images/poster/\1.jpg&lt;/thumb&gt;" dest="5+">
				<expression noclean="1">&lt;link rel="image_src" href="http://www.turkcealtyazi.org/film/images/(.*?).jpg</expression>
			</RegExp>
			<!--plot-->
			<RegExp input="$$1" output="&lt;plot&gt;\1&lt;/plot&gt;" dest="5+">
				<expression trim="1">&lt;div id="contextual" style="padding:4px;font: 12px verdana;color: #666;"&gt;(.*?)&lt;div style="</expression>
			</RegExp>
			<!--country-->
			<RegExp input="$$1" output="&lt;country&gt;\2&lt;/country&gt;" dest="5+">
				<expression>ulke=(.*?)\/&gt;(.*?)&lt;</expression>
			</RegExp>
			<RegExp input="$$1" output="&lt;release&gt;\1\2\3&lt;/release&gt;" dest="5+">
				<expression>&lt;div class="left-container"&gt;Vizyon Tarihi:&lt;/div&gt;\s*&lt;div class="right-container"&gt;([0-9]*)([^0-9]*)([0-9]*)</expression>
			</RegExp>
			<RegExp input="$$7" output="&lt;credits&gt;\1&lt;/credits&gt;" dest="5+">
				<RegExp input="$$1" output="\1" dest="7">
					<expression clear="yes" noclean="1">&lt;div class="left-container"&gt;Senaryo:&lt;/div&gt;\s*&lt;div class="right-container"&gt;\s*(.*?)&lt;/div</expression>
				</RegExp>
				<expression repeat="yes" trim="1"> title=".*?&gt;(.*?)&lt;</expression>
			</RegExp>
			<!--Google or IMDbId-->
			<RegExp input="$$2" output="tt\1" dest="6">
				<expression clear="yes">([0-9]*)</expression>
			</RegExp>
			<!--TMDB Thumbs & Fanart (IMDbId)-->
			<RegExp input="$$6" output="&lt;chain function=&quot;GetTMDBFanartByIdChain&quot;&gt;$$6&lt;/chain&gt;" dest="5+">
				<expression>.+</expression>
			</RegExp>
			<RegExp input="$$6" output="&lt;chain function=&quot;GetTMDBThumbsByIdChain&quot;&gt;$$6&lt;/chain&gt;" dest="5+">
				<expression>.+</expression>
			</RegExp>
			<!--TMDB Thumbs & Fanart (Google)-->
			<RegExp input="$$6" output="&lt;url cache=&quot;google-$$2&quot; function=&quot;ChainTMDBFanart&quot;&gt;http://www.google.com/search?q=site:imdb.com+releaseinfo+$$7&lt;/url&gt;" dest="5+">
				<expression>^$</expression>
			</RegExp>
			<RegExp input="$$6" output="&lt;url cache=&quot;google-$$2&quot; function=&quot;ChainTMDBThumbs&quot;&gt;http://www.google.com/search?q=site:imdb.com+releaseinfo+$$7&lt;/url&gt;" dest="5+">
				<expression>^$</expression>
			</RegExp>
			<RegExp input="$$7" output="&lt;studio&gt;\1&lt;/studio&gt;" dest="5+">
				<RegExp input="$$1" output="\1" dest="7">
					<expression clear="yes" trim="1">Firma:&lt;/div&gt;(.*?)&lt;/div&gt;</expression>
				</RegExp>
				<expression repeat="yes" trim="1">(.+)</expression>
			</RegExp>
			<expression noclean="1" />
		</RegExp>
	</GetDetails>
	<ChainTMDBThumbs dest="13">
		<RegExp input="$$1" output="&lt;details&gt;&lt;chain function=&quot;GetTMDBThumbsByIdChain&quot;&gt;tt\1&lt;/chain&gt;&lt;/details&gt;" dest="13">
			<expression>/tt([0-9]+)</expression>
		</RegExp>
	</ChainTMDBThumbs>
	<ChainTMDBFanart dest="13">
		<RegExp input="$$1" output="&lt;details&gt;&lt;chain function=&quot;GetTMDBFanartByIdChain&quot;&gt;tt\1&lt;/chain&gt;&lt;/details&gt;" dest="13">
			<expression>/tt([0-9]+)</expression>
		</RegExp>
	</ChainTMDBFanart>
</scraper>