<?xml version="1.0" encoding="UTF-8" standalone="yes"?>
<addon id="plugin.video.diziizle"
       name="Deneme"
       version="0.0.1"
       provider-name="xbmcTR Team">
  <requires>
    <import addon="xbmc.python" version="1.0"/>
	  </requires>
  <extension point="xbmc.python.pluginsource"
            library="default.py">
        <provides>video</provides>
  </extension>
  <extension point="xbmc.addon.metadata">
    <summary>xbmcTR Team Sunar</summary>
    <description>~~~xbmcTR Team Sunar ~~~
~~~Addons yapimi ve daha fazlasi www.xbmctr.com ~~~</description>
    <platform>all</platform>
  </extension>
</addon>
