<?xml version="1.0" ?>
<liste>
  <channel>
    <title>
      Hell on Wheels - (2. Sezon 7. Bölüm)
    </title>
    <stream_url>
      http://dizimag.com/hell-on-wheels-2-sezon-7-bolum-izle-dizi.html
    </stream_url>
    <logo_30x30>
      http://i.dizimag.com/dizi/hell-on-wheels.jpg
    </logo_30x30>
    <description>
      aciklama
    </description>
  </channel>
  <channel>
    <title>
      Ultimate Spider-Man - (1. Sezon 21. Bölüm)
    </title>
    <stream_url>
      http://dizimag.com/ultimate-spider-man-1-sezon-21-bolum-nosub-izle-dizi.html
    </stream_url>
    <logo_30x30>
      http://i.dizimag.com/dizi/ultimate-spider-man.jpg
    </logo_30x30>
    <description>
      aciklama
    </description>
  </channel>
  <channel>
    <title>
      Sinbad - (1. Sezon 12. Bölüm)
    </title>
    <stream_url>
      http://dizimag.com/sinbad-1-sezon-12-bolum-subing-izle-dizi.html
    </stream_url>
    <logo_30x30>
      http://i.dizimag.com/dizi/sinbad.jpg
    </logo_30x30>
    <description>
      aciklama
    </description>
  </channel>
  </liste>
