<?xml version="1.0" encoding="UTF-8" standalone="yes"?>
<addon id="plugin.video.sineman"
       name="sineman"
       version="0.0.2"
       provider-name="drascom">
  <requires>
    <import addon="xbmc.python" version="1.0"/>
	  </requires>
  <extension point="xbmc.python.pluginsource"
            library="default.py">
        <provides>video</provides>
  </extension>
  <extension point="xbmc.addon.metadata">
    <summary>movies from sineman.net</summary>
    <description>Most recent movies from sineman.net</description>
    <platform>all</platform>
  </extension>
</addon>
