<?xml version="1.0" encoding="UTF-8" standalone="yes"?>
<addon id="plugin.video.ddizi"
       name="ddizi"
       version="1.4"
       provider-name="drascom">
  <requires>
    <import addon="xbmc.python" version="2.0"/>
	<import addon="script.module.xbmctr" version="1.0"/>
	  </requires>
  <extension point="xbmc.python.pluginsource" library="ddizi.py">
        <provides>video</provides>
  </extension>
  <extension point="xbmc.addon.metadata">
    <summary>xbmcTR Team</summary>
    <description>~~~ by xbmcTr TeaM ~~~~~~ ddizi ~~~</description>
    <platform>all</platform>
  </extension>
</addon>
