<?xml version="1.0" encoding="utf-8"?>
<liste>
<channel>
<title>
Korku Kapani - Storage 24 2012 Turkce Altyazili 
</title>
<stream_url>
http://www.filmifullizle.com/korku-kapani-storage-24-2012-turkce-altyazili-izle.html
</stream_url>
<logo_30x30>
http://resim.filmifullizle.com/resimler/filmifull-korkukapanı24.jpg
</logo_30x30>
<description>
aciklama
</description>
</channel>
<channel>
<title>
Kovboy - Kauwboy 2012 Turkce Altyazili 
</title>
<stream_url>
http://www.filmifullizle.com/kovboy-kauwboy-2012-turkce-altyazili-izle.html
</stream_url>
<logo_30x30>
http://resim.filmifullizle.com/resimler/filmifull-kovboyy.jpg
</logo_30x30>
<description>
aciklama
</description>
</channel>
<channel>
<title>
Thale 2012 Turkce Altyazili 
</title>
<stream_url>
http://www.filmifullizle.com/thale-2012-turkce-altyazili-izle.html
</stream_url>
<logo_30x30>
http://resim.filmifullizle.com/resimler/filmifull-thale.jpg
</logo_30x30>
<description>
aciklama
</description>
</channel>
<channel>
<title>
The Babymakers 2012 Turkce Altyazili 
</title>
<stream_url>
http://www.filmifullizle.com/the-babymakers-2012-turkce-altyazili-izle.html
</stream_url>
<logo_30x30>
http://resim.filmifullizle.com/resimler/filmifull-Babymakers.jpg
</logo_30x30>
<description>
aciklama
</description>
</channel>
<channel>
<title>
Madagaskar 3 Avrupa nin En Cok Arananlari 720p HD - Madagascar 3 Europe's Most Wanted 2012 Turkce Dublaj 
</title>
<stream_url>
http://www.filmifullizle.com/madagaskar-3-avrupa-nin-en-cok-arananlari-720p-hd-madagascar-3-europes-most-wanted-2012-turkce-dublaj-izle.html
</stream_url>
<logo_30x30>
http://resim.filmifullizle.com/resimler/filmifull-madagascar3tr.jpg
</logo_30x30>
<description>
aciklama
</description>
</channel>
<channel>
<title>
Stolen 2012 Turkce Altyazili 
</title>
<stream_url>
http://www.filmifullizle.com/stolen-2012-turkce-altyazili-izle.html
</stream_url>
<logo_30x30>
http://resim.filmifullizle.com/resimler/filmifull-stolenn.jpg
</logo_30x30>
<description>
aciklama
</description>
</channel>
<channel>
<title>
Rock Of Ages 2012 Turkce Dublaj 
</title>
<stream_url>
http://www.filmifullizle.com/rock-of-ages-2012-turkce-dublaj-izle.html
</stream_url>
<logo_30x30>
http://resim.filmifullizle.com/resimler/filmifull-RockOfAges.jpg
</logo_30x30>
<description>
aciklama
</description>
</channel>
<channel>
<title>
Benim Oglum - That's My Boy 2012 Turkce Dublaj 
</title>
<stream_url>
http://www.filmifullizle.com/benim-oglum-thats-my-boy-2012-turkce-dublaj-izle.html
</stream_url>
<logo_30x30>
http://resim.filmifullizle.com/resimler/filmifull-benimoglum.jpg
</logo_30x30>
<description>
aciklama
</description>
</channel>
<channel>
<title>
The Expatriate 2012 Turkce Altyazili 
</title>
<stream_url>
http://www.filmifullizle.com/the-expatriate-2012-turkce-altyazili-izle.html
</stream_url>
<logo_30x30>
http://resim.filmifullizle.com/resimler/filmifull-Expatriate.jpg
</logo_30x30>
<description>
aciklama
</description>
</channel>
<channel>
<title>
Vampir Avcisi - Abraham Lincoln 2012 Turkce Dublaj 
</title>
<stream_url>
http://www.filmifullizle.com/vampir-avcisi-abraham-lincoln-2012-turkce-dublaj-izle.html
</stream_url>
<logo_30x30>
http://resim.filmifullizle.com/resimler/filmifull-vampiravcısı2012.jpg
</logo_30x30>
<description>
aciklama
</description>
</channel>
<channel>
<title>
Kya Super Kool Hain Hum 2012 Turkce Altyazili 
</title>
<stream_url>
http://www.filmifullizle.com/kya-super-kool-hain-hum-2012-turkce-altyazili-izle.html
</stream_url>
<logo_30x30>
http://resim.filmifullizle.com/resimler/filmifull-kyaasugpg.jpg
</logo_30x30>
<description>
aciklama
</description>
</channel>
<channel>
<title>
Painted Skin The Resurrection 2012 Turkce Altyazili 
</title>
<stream_url>
http://www.filmifullizle.com/painted-skin-the-resurrection-2012-turkce-altyazili-izle.html
</stream_url>
<logo_30x30>
http://resim.filmifullizle.com/resimler/filmifull-paintedskin.jpg
</logo_30x30>
<description>
aciklama
</description>
</channel>
<channel>
<title>
Chained 2012 Turkce Altyazili 
</title>
<stream_url>
http://www.filmifullizle.com/chained-2012-turkce-altyazili-izle.html
</stream_url>
<logo_30x30>
http://resim.filmifullizle.com/resimler/filmifull-Chained.jpg
</logo_30x30>
<description>
aciklama
</description>
</channel>
<channel>
<title>
Cosmopolis 2012 Turkce Altyazili 
</title>
<stream_url>
http://www.filmifullizle.com/cosmopolis-2012-turkce-altyazili-izle.html
</stream_url>
<logo_30x30>
http://resim.filmifullizle.com/resimler/filmifull-Cosmopolis.jpg
</logo_30x30>
<description>
aciklama
</description>
</channel>
<channel>
<title>
Barikat - Barricade 2012 Turkce Altyazili 
</title>
<stream_url>
http://www.filmifullizle.com/barikat-barricade-2012-turkce-altyazili-izle.html
</stream_url>
<logo_30x30>
http://resim.filmifullizle.com/resimler/filmifull-barikatt.jpg
</logo_30x30>
<description>
aciklama
</description>
</channel>
<channel>
<title>
V/H/S 2012 Turkce Altyazili 
</title>
<stream_url>
http://www.filmifullizle.com/vhs-2012-turkce-altyazili-izle.html
</stream_url>
<logo_30x30>
http://resim.filmifullizle.com/resimler/filmifull-vhs.jpg
</logo_30x30>
<description>
aciklama
</description>
</channel>
<channel>
<title>
August Eighth 2012 Turkce Altyazili 
</title>
<stream_url>
http://www.filmifullizle.com/august-eighth-2012-turkce-altyazili-izle.html
</stream_url>
<logo_30x30>
http://resim.filmifullizle.com/resimler/filmifull-August.jpg
</logo_30x30>
<description>
aciklama
</description>
</channel>
<channel>
<title>
Dikkat Bebek Var - What to Expect When You're Expecting 2012 Turkce Dublaj 
</title>
<stream_url>
http://www.filmifullizle.com/dikkat-bebek-var-what-to-expect-when-youre-expecting-2012-turkce-dublaj-izle.html
</stream_url>
<logo_30x30>
http://resim.filmifullizle.com/resimler/filmifull-dikkatbebekvarr.jpg
</logo_30x30>
<description>
aciklama
</description>
</channel>
<channel>
<title>
Entrika - Arbitrage 2012 Turkce Altyazili 
</title>
<stream_url>
http://www.filmifullizle.com/entrika-arbitrage-2012-turkce-altyazili-izle.html
</stream_url>
<logo_30x30>
http://resim.filmifullizle.com/resimler/filmifull-entrika.jpg
</logo_30x30>
<description>
aciklama
</description>
</channel>
<channel>
<title>
Madagascar 3 Europes Most Wanted 2012 Turkce Altyazili 
</title>
<stream_url>
http://www.filmifullizle.com/madagascar-3-europes-most-wanted-2012-turkce-altyazili-izle.html
</stream_url>
<logo_30x30>
http://resim.filmifullizle.com/resimler/filmifull-madagascar3.jpg
</logo_30x30>
<description>
aciklama
</description>
</channel>
<channel>
<title>
Girl in Progress 2012 Turkce Altyazili 
</title>
<stream_url>
http://www.filmifullizle.com/girl-in-progress-2012-turkce-altyazili-izle.html
</stream_url>
<logo_30x30>
http://resim.filmifullizle.com/resimler/filmifull-progress.jpg
</logo_30x30>
<description>
aciklama
</description>
</channel>
<channel>
<title>
Goats 2012 Turkce Altyazili 
</title>
<stream_url>
http://www.filmifullizle.com/goats-2012-turkce-altyazili-izle.html
</stream_url>
<logo_30x30>
http://resim.filmifullizle.com/resimler/filmifull-goatss.jpg
</logo_30x30>
<description>
aciklama
</description>
</channel>
<channel>
<title>
Scary or Die 2012 Turkce Altyazili 
</title>
<stream_url>
http://www.filmifullizle.com/scary-or-die-2012-turkce-altyazili-izle.html
</stream_url>
<logo_30x30>
http://resim.filmifullizle.com/resimler/filmifull-Scary.jpg
</logo_30x30>
<description>
aciklama
</description>
</channel>
<channel>
<title>
Buz Devri 4 Kitalar Ayriliyor - Ice Age 4 Continental Drift 2012 Turkce Altyazili 
</title>
<stream_url>
http://www.filmifullizle.com/buz-devri-4-kitalar-ayriliyor-ice-age-4-continental-drift-2012-turkce-altyazili-izle.html
</stream_url>
<logo_30x30>
http://resim.filmifullizle.com/resimler/filmifull-buz44.jpg
</logo_30x30>
<description>
aciklama
</description>
</channel>
<channel>
<title>
Turkisch fur Anfnger 2012 Turkce Altyazili 
</title>
<stream_url>
http://www.filmifullizle.com/turkisch-fur-anfanger-2012-turkce-altyazili-izle.html
</stream_url>
<logo_30x30>
http://resim.filmifullizle.com/resimler/filmifull-turkischfur.jpg
</logo_30x30>
<description>
aciklama
</description>
</channel>
<channel>
<title>
Think Like a Man 2012 Turkce Altyazili 
</title>
<stream_url>
http://www.filmifullizle.com/think-like-a-man-2012-turkce-altyazili-izle.html
</stream_url>
<logo_30x30>
http://resim.filmifullizle.com/resimler/filmifull-thinklike.jpg
</logo_30x30>
<description>
aciklama
</description>
</channel>
<channel>
<title>
The Four 2012 Turkce Altyazili 
</title>
<stream_url>
http://www.filmifullizle.com/the-four-2012-turkce-altyazili-izle.html
</stream_url>
<logo_30x30>
http://resim.filmifullizle.com/resimler/filmifull-thefour.jpg
</logo_30x30>
<description>
aciklama
</description>
</channel>
<channel>
<title>
Askim Benim - Bel Ami 2012 Turkce Dublaj 
</title>
<stream_url>
http://www.filmifullizle.com/askim-benim-bel-ami-2012-turkce-dublaj-izle.html
</stream_url>
<logo_30x30>
http://resim.filmifullizle.com/resimler/filmifull-askımbenım.jpg
</logo_30x30>
<description>
aciklama
</description>
</channel>
</liste>
