<?xml version="1.0" encoding="utf-8"?>
<liste>
<channel>
<title>
Allah in Sadik Kulu Barla Filmi   2011
</title>
<stream_url>
http://www.filmifullizle.com/allah-in-sadik-kulu-barla-filmi-full-izle-2011.html
</stream_url>
<logo_30x30>
http://resim.filmifullizle.com/resimler/filmifull-allahınsadıkkulubarla.jpg
</logo_30x30>
<description>
aciklama
</description>
</channel>
<channel>
<title>
Duyuru 26 Nisan 2012
</title>
<stream_url>
http://www.filmifullizle.com/onemli-duyuru.html
</stream_url>
<logo_30x30>
http://resim.filmifullizle.com/resimler/filmifull-duyuru2.jpg
</logo_30x30>
<description>
aciklama
</description>
</channel>
<channel>
<title>
Sirinler - Smurfs 2011 Turkce dublaj 
</title>
<stream_url>
http://www.filmifullizle.com/sirinler-smurfs-2011-turkce-dublaj-izle.html
</stream_url>
<logo_30x30>
http://resim.filmifullizle.com/foto/LDP9.jpg
</logo_30x30>
<description>
aciklama
</description>
</channel>
<channel>
<title>
Kirmizi Baslikli Kiz Kotulere Karsi 2011 Turkce Dublaj 
</title>
<stream_url>
http://www.filmifullizle.com/kirmizi-baslikli-kiz-kotulere-karsi-2011-turkce-dublaj-izle.html
</stream_url>
<logo_30x30>
http://resim.filmifullizle.com/resimler/filmifull-kırmızıbaslıklı.jpg
</logo_30x30>
<description>
aciklama
</description>
</channel>
<channel>
<title>
Olum Bolgesi: Cokus &amp; Dead Space: Downfall  2008 Turkce Dublaj 
</title>
<stream_url>
http://www.filmifullizle.com/olum-bolgesi-cokus-dead-space-downfall-2008-turkce-dublaj-izle.html
</stream_url>
<logo_30x30>
http://resim.filmifullizle.com/foto/deadspace.jpg
</logo_30x30>
<description>
aciklama
</description>
</channel>
<channel>
<title>
Barbie Prenses Okulu 2011 Turkce Dublaj 
</title>
<stream_url>
http://www.filmifullizle.com/barbie-prenses-okulu-2011-turkce-dublaj-izle.html
</stream_url>
<logo_30x30>
http://resim.filmifullizle.com/foto/8ge8R.jpg
</logo_30x30>
<description>
aciklama
</description>
</channel>
<channel>
<title>
Afacan Dennis Hiz Kontrolunde  2002 |Turkce Dublaj| 
</title>
<stream_url>
http://www.filmifullizle.com/afacan-dennis-hiz-kontrolunde-2002-turkce-dublaj-izle.html
</stream_url>
<logo_30x30>
http://resim.filmifullizle.com/foto/Afacan-Dennis-Hiz-Kontrolunde-1294232061.jpg
</logo_30x30>
<description>
aciklama
</description>
</channel>
<channel>
<title>
Cuceler Devlere Karsi: Gizli Oda Filmi |Turkce Dublaj| Izle
</title>
<stream_url>
http://www.filmifullizle.com/cuceler-devlere-karsi-gizli-oda-filmi-turkce-dublaj-izle.html
</stream_url>
<logo_30x30>
http://resim.filmifullizle.com/foto//cuceler-211x300.jpg
</logo_30x30>
<description>
aciklama
</description>
</channel>
<channel>
<title>
Rango 2011 Filmi |Turkce Dublaj| Izle
</title>
<stream_url>
http://www.filmifullizle.com/rango-2011-filmi-turkce-dublaj-izle.html
</stream_url>
<logo_30x30>
http://resim.filmifullizle.com/foto/rangoafis-208x300.jpg
</logo_30x30>
<description>
aciklama
</description>
</channel>
<channel>
<title>
Sevimli Hayvanlar Filmi |Turkce Dublaj| Izle
</title>
<stream_url>
http://www.filmifullizle.com/sevimli-hayvanlar-filmi-turkce-dublaj-izle.html
</stream_url>
<logo_30x30>
http://resim.filmifullizle.com/foto/1620449-208x300.jpg
</logo_30x30>
<description>
aciklama
</description>
</channel>
<channel>
<title>
Sevimli Cuceler Cino ve Julyet - Gnomeo And Juliet 2011 Film 
</title>
<stream_url>
http://www.filmifullizle.com/sevimli-cuceler-cino-ve-julyet-gnomeo-and-juliet-2011-film-izle.html
</stream_url>
<logo_30x30>
http://resim.filmifullizle.com/foto//gnomeojgj-209x300.jpg
</logo_30x30>
<description>
aciklama
</description>
</channel>
<channel>
<title>
Buz Devri 3 - Filmi  Turkce Kaliteli Izle
</title>
<stream_url>
http://www.filmifullizle.com/buz-devri-3-filmi-full-turkce-kaliteli-izle.html
</stream_url>
<logo_30x30>
http://resim.filmifullizle.com/foto//ice-age-3-208x300.jpg
</logo_30x30>
<description>
aciklama
</description>
</channel>
<channel>
<title>
Buz Devri Ice Age Filmi  
</title>
<stream_url>
http://www.filmifullizle.com/buz-devri-ice-age-filmi-full-izle.html
</stream_url>
<logo_30x30>
http://img01.imgsinemalar.com/images/afis_buyuk/b/Buz-Devri.jpg
</logo_30x30>
<description>
aciklama
</description>
</channel>
<channel>
<title>
Rango 2011 Film 
</title>
<stream_url>
http://www.filmifullizle.com/rango-2011-film-izle.html
</stream_url>
<logo_30x30>
http://resim.filmifullizle.com/foto//rangoafis-208x300.jpg
</logo_30x30>
<description>
aciklama
</description>
</channel>
<channel>
<title>
Cilgin Dostlar 3 Filmi   |Turkce Dublaj|
</title>
<stream_url>
http://www.filmifullizle.com/cilgin-dostlar-3-filmi-full-izle-turkce-dublaj.html
</stream_url>
<logo_30x30>
http://resim.filmifullizle.com/foto//cilgindostlar-208x300.jpg
</logo_30x30>
<description>
aciklama
</description>
</channel>
<channel>
<title>
Ayi Yogi - Yogi Bear 2011  Film 
</title>
<stream_url>
http://www.filmifullizle.com/ayi-yogi-yogi-bear-2011-full-film-izle.html
</stream_url>
<logo_30x30>
http://resim.filmifullizle.com/foto//Ayi-Yogi-1291886364.jpg
</logo_30x30>
<description>
aciklama
</description>
</channel>
<channel>
<title>
Cilgin Dostlar 3 - Open Season 3 2010 Filmi  
</title>
<stream_url>
http://www.filmifullizle.com/cilgin-dostlar-3-open-season-3-2010-filmi-full-izle.html
</stream_url>
<logo_30x30>
http://resim.filmifullizle.com/foto//Cilgin-Dostlar-film-izle.jpg
</logo_30x30>
<description>
aciklama
</description>
</channel>
<channel>
<title>
Shrek 4 - Filmi  Orjinal Kaliteli  |Turkce|
</title>
<stream_url>
http://www.filmifullizle.com/shrek-4-filmi-full-orjinal-kaliteli-izle-turkce.html
</stream_url>
<logo_30x30>
http://resim.filmifullizle.com/foto/srek-izle-207x300.jpg
</logo_30x30>
<description>
aciklama
</description>
</channel>
</liste>
