<?xml version="1.0" encoding="utf-8"?>
<liste>
<channel>
<title>
Tetikcinin Gecesi - Collateral 2004 Turkce Dublaj 
</title>
<stream_url>
http://www.filmifullizle.com/tetikcinin-gecesi-collateral-2004-turkce-dublaj-izle.html
</stream_url>
<logo_30x30>
http://resim.filmifullizle.com/resimler/filmifull-tetikciningecesi.jpg
</logo_30x30>
<description>
aciklama
</description>
</channel>
<channel>
<title>
Zaman Makinasi - The Time Machine 2002 Turkce Dublaj 
</title>
<stream_url>
http://www.filmifullizle.com/zaman-makinasi-the-time-machine-2002-turkce-dublaj-izle.html
</stream_url>
<logo_30x30>
http://resim.filmifullizle.com/resimler/filmifull-zamanmakinası2002.jpg
</logo_30x30>
<description>
aciklama
</description>
</channel>
<channel>
<title>
Olumsuz &amp; Unbreakable 2000 Turkce Dublaj 
</title>
<stream_url>
http://www.filmifullizle.com/olumsuz-unbreakable-2000-turkce-dublaj-izle.html
</stream_url>
<logo_30x30>
http://resim.filmifullizle.com/resimler/filmifull-olumsuzzz.jpg
</logo_30x30>
<description>
aciklama
</description>
</channel>
<channel>
<title>
Sevimli Canavarlar &amp; Monster Inc. 2001 Turkce Dublaj 
</title>
<stream_url>
http://www.filmifullizle.com/sevimli-canavarlar-monster-inc-2001-turkce-dublaj-izle.html
</stream_url>
<logo_30x30>
http://resim.filmifullizle.com/resimler/filmifull-sevimlicanavarlar.jpg
</logo_30x30>
<description>
aciklama
</description>
</channel>
<channel>
<title>
Syriana 2005 Turkce Dublaj 
</title>
<stream_url>
http://www.filmifullizle.com/syriana-2005-turkce-dublaj-izle.html
</stream_url>
<logo_30x30>
http://resim.filmifullizle.com/resimler/filmifull-Syriana.jpg
</logo_30x30>
<description>
aciklama
</description>
</channel>
<channel>
<title>
Dunyanin Uzak Ucu - Master and Commander The Far Side of the World 2003 Turkce Dublaj 
</title>
<stream_url>
http://www.filmifullizle.com/dunyanin-uzak-ucu-master-and-commander-the-far-side-of-the-world-2003-turkce-dublaj-izle.html
</stream_url>
<logo_30x30>
http://resim.filmifullizle.com/resimler/filmifull-dunyanınuzakucu.jpg
</logo_30x30>
<description>
aciklama
</description>
</channel>
<channel>
<title>
Ruh Esim &amp; I Want Someone to Eat Cheese With 2006 Turkce Dublaj 
</title>
<stream_url>
http://www.filmifullizle.com/ruh-esim-i-want-someone-to-eat-cheese-with-2006-turkce-dublaj-izle.html
</stream_url>
<logo_30x30>
http://resim.filmifullizle.com/resimler/filmifull-ruhesimmm.jpg
</logo_30x30>
<description>
aciklama
</description>
</channel>
<channel>
<title>
40 Gun 40 Gece - 40 Days and 40 Nights 2002 Turkce Dublaj 
</title>
<stream_url>
http://www.filmifullizle.com/40-gun-40-gece-40-days-and-40-nights-2002-turkce-dublaj-izle.html
</stream_url>
<logo_30x30>
http://resim.filmifullizle.com/resimler/filmifull-40gun40gece.jpg
</logo_30x30>
<description>
aciklama
</description>
</channel>
<channel>
<title>
Karanligi Taramak - A Scnner Darkly 2006 Turkce Dublaj 
</title>
<stream_url>
http://www.filmifullizle.com/karanligi-taramak-a-scnner-darkly-2006-turkce-dublaj-izle.html
</stream_url>
<logo_30x30>
http://resim.filmifullizle.com/resimler/filmifull-karanlıgıtaramakk.jpg
</logo_30x30>
<description>
aciklama
</description>
</channel>
<channel>
<title>
Komsum Bir Katil &amp; The Whole Nine Yards 2000 Turkce Dublaj 
</title>
<stream_url>
http://www.filmifullizle.com/komsum-bir-katil-the-whole-nine-yards-2000-turkce-dublaj-izle.html
</stream_url>
<logo_30x30>
http://resim.filmifullizle.com/resimler/filmifull-kımsumkatil.jpg
</logo_30x30>
<description>
aciklama
</description>
</channel>
<channel>
<title>
Korkusuz - Fearless 2006 Turkce Dublaj 
</title>
<stream_url>
http://www.filmifullizle.com/korkusuz-fearless-2006-turkce-dublaj-izle.html
</stream_url>
<logo_30x30>
http://resim.filmifullizle.com/resimler/filmifull-korkusuzzz.jpg
</logo_30x30>
<description>
aciklama
</description>
</channel>
<channel>
<title>
Kayip Balik Nemo &amp; Finding Nemo 2003 Turkce Dublaj 
</title>
<stream_url>
http://www.filmifullizle.com/kayip-balik-nemo-finding-nemo-2003-turkce-dublaj-izle.html
</stream_url>
<logo_30x30>
http://resim.filmifullizle.com/resimler/filmifull-finnemo.jpg
</logo_30x30>
<description>
aciklama
</description>
</channel>
<channel>
<title>
Atesli Ve Tatli - The Sweetest Thing 2002 Turkce Dublaj 
</title>
<stream_url>
http://www.filmifullizle.com/atesli-ve-tatli-the-sweetest-thing-2002-turkce-dublaj-izle.html
</stream_url>
<logo_30x30>
http://resim.filmifullizle.com/resimler/filmifull-ateslivetatlıı.jpg
</logo_30x30>
<description>
aciklama
</description>
</channel>
<channel>
<title>
30&amp;#8242;undan Once Yapmaniz Gerekenler &amp; Things to Do Before You're 30 2005 Turkce Dublaj 
</title>
<stream_url>
http://www.filmifullizle.com/30undan-once-yapmaniz-gerekenler-things-to-do-before-youre-30-2005-turkce-dublaj-izle.html
</stream_url>
<logo_30x30>
http://resim.filmifullizle.com/resimler/filmifull-30onceyapması.jpg
</logo_30x30>
<description>
aciklama
</description>
</channel>
<channel>
<title>
Hellboy 2004 Turkce Dublaj 
</title>
<stream_url>
http://www.filmifullizle.com/hellboy-2004-turkce-dublaj-izle.html
</stream_url>
<logo_30x30>
http://resim.filmifullizle.com/resimler/filmifull-hellboy1.jpg
</logo_30x30>
<description>
aciklama
</description>
</channel>
<channel>
<title>
The Rundown - 2003 Turkce Altyazili 
</title>
<stream_url>
http://www.filmifullizle.com/the-rundown-2003-turkce-altyazili-izle.html
</stream_url>
<logo_30x30>
http://resim.filmifullizle.com/resimler/filmifull-therundownn.jpg
</logo_30x30>
<description>
aciklama
</description>
</channel>
<channel>
<title>
Hollywood ulkesi - Hollywoodland 2006 Turkce Dublaj 
</title>
<stream_url>
http://www.filmifullizle.com/hollywood-ulkesi-hollywoodland-2006-turkce-dublaj-izle.html
</stream_url>
<logo_30x30>
http://resim.filmifullizle.com/resimler/filmifull-hollwoodulkesi.jpg
</logo_30x30>
<description>
aciklama
</description>
</channel>
<channel>
<title>
Masum Sesler - Voces inocentes 2004 Turkce Dublaj 
</title>
<stream_url>
http://www.filmifullizle.com/masum-sesler-voces-inocentes-2004-turkce-dublaj-izle.html
</stream_url>
<logo_30x30>
http://resim.filmifullizle.com/resimler/filmifull-masumsesler.jpg
</logo_30x30>
<description>
aciklama
</description>
</channel>
<channel>
<title>
Sohret Yolu &amp; 30 Days Until I'm Famous 2004 Turkce Dublaj 
</title>
<stream_url>
http://www.filmifullizle.com/sohret-yolu-30-days-until-im-famous-2004-turkce-dublaj-izle.html
</stream_url>
<logo_30x30>
http://resim.filmifullizle.com/resimler/filmifull-sohretyoluu.jpg
</logo_30x30>
<description>
aciklama
</description>
</channel>
<channel>
<title>
Arka Bahce - The Constant Gardener 2005 Turkce Dublaj 
</title>
<stream_url>
http://www.filmifullizle.com/arka-bahce-the-constant-gardener-2005-turkce-dublaj-izle.html
</stream_url>
<logo_30x30>
http://resim.filmifullizle.com/resimler/filmifull-arkabahcee.jpg
</logo_30x30>
<description>
aciklama
</description>
</channel>
<channel>
<title>
Ilk Dugunum &amp; My First Wedding 2006 Turkce Dublaj 
</title>
<stream_url>
http://www.filmifullizle.com/ilk-dugunum-my-first-wedding-2006-turkce-dublaj-izle.html
</stream_url>
<logo_30x30>
http://resim.filmifullizle.com/resimler/filmifull-ilkdugun.jpg
</logo_30x30>
<description>
aciklama
</description>
</channel>
<channel>
<title>
Tarzan 720p HD 1999 Turkce Dublaj 
</title>
<stream_url>
http://www.filmifullizle.com/tarzan-720p-hd-1999-turkce-dublaj-izle.html
</stream_url>
<logo_30x30>
http://resim.filmifullizle.com/resimler/filmifull-tarzan1999.jpg
</logo_30x30>
<description>
aciklama
</description>
</channel>
<channel>
<title>
Asteriks ve Oburiks Gorevimiz Kleopatra - Asterix &amp; Obelix Mission Cleopatre 2002 Turkce Dublah 
</title>
<stream_url>
http://www.filmifullizle.com/asteriks-ve-oburiks-gorevimiz-kleopatra-asterix-obelix-mission-cleopatre-2002-turkce-dublah-izle.html
</stream_url>
<logo_30x30>
http://resim.filmifullizle.com/resimler/filmifull-Asterikscleopatre.jpg
</logo_30x30>
<description>
aciklama
</description>
</channel>
<channel>
<title>
Hababam Sinifi Merhaba Filmi   2004
</title>
<stream_url>
http://www.filmifullizle.com/hababam-sinifi-merhaba-filmi-full-izle-2004.html
</stream_url>
<logo_30x30>
http://resim.filmifullizle.com/resimler/filmifull-hababammerhaba.jpg
</logo_30x30>
<description>
aciklama
</description>
</channel>
<channel>
<title>
Iznogoud - 2005 Turkce Altyazili 
</title>
<stream_url>
http://www.filmifullizle.com/iznogoud-2005-turkce-altyazili-izle.html
</stream_url>
<logo_30x30>
http://resim.filmifullizle.com/resimler/filmifull-izno.jpg
</logo_30x30>
<description>
aciklama
</description>
</channel>
<channel>
<title>
Filmler Hakkinda Onemli Duyuru
</title>
<stream_url>
http://www.filmifullizle.com/filmler-hakkinda-onemli-duyuru.html
</stream_url>
<logo_30x30>
http://resim.filmifullizle.com/resimler/filmifull-duyuru2.jpg
</logo_30x30>
<description>
aciklama
</description>
</channel>
<channel>
<title>
Ocean's 12 - Ocean's Twelve 2004 Turkce Dublaj 
</title>
<stream_url>
http://www.filmifullizle.com/oceans-12-oceans-twelve-2004-turkce-dublaj-izle.html
</stream_url>
<logo_30x30>
http://resim.filmifullizle.com/resimler/filmifull-oceanstvelve12.jpg
</logo_30x30>
<description>
aciklama
</description>
</channel>
<channel>
<title>
Ocean's 11 - Ocean's Eleven 2001 Turkce Dublaj 
</title>
<stream_url>
http://www.filmifullizle.com/oceans-11-oceans-eleven-2001-turkce-dublaj-izle.html
</stream_url>
<logo_30x30>
http://resim.filmifullizle.com/resimler/filmifull-oceanseleven11.jpg
</logo_30x30>
<description>
aciklama
</description>
</channel>
</liste>
