<?xml version="1.0" encoding="utf-8"?>
<liste>
<channel>
<title>
Thale 2012 Turkce Altyazili 
</title>
<stream_url>
http://www.filmifullizle.com/thale-2012-turkce-altyazili-izle.html
</stream_url>
<logo_30x30>
http://resim.filmifullizle.com/resimler/filmifull-thale.jpg
</logo_30x30>
<description>
aciklama
</description>
</channel>
<channel>
<title>
Vampir Avcisi - Abraham Lincoln 2012 Turkce Dublaj 
</title>
<stream_url>
http://www.filmifullizle.com/vampir-avcisi-abraham-lincoln-2012-turkce-dublaj-izle.html
</stream_url>
<logo_30x30>
http://resim.filmifullizle.com/resimler/filmifull-vampiravcısı2012.jpg
</logo_30x30>
<description>
aciklama
</description>
</channel>
<channel>
<title>
Painted Skin The Resurrection 2012 Turkce Altyazili 
</title>
<stream_url>
http://www.filmifullizle.com/painted-skin-the-resurrection-2012-turkce-altyazili-izle.html
</stream_url>
<logo_30x30>
http://resim.filmifullizle.com/resimler/filmifull-paintedskin.jpg
</logo_30x30>
<description>
aciklama
</description>
</channel>
<channel>
<title>
August Eighth 2012 Turkce Altyazili 
</title>
<stream_url>
http://www.filmifullizle.com/august-eighth-2012-turkce-altyazili-izle.html
</stream_url>
<logo_30x30>
http://resim.filmifullizle.com/resimler/filmifull-August.jpg
</logo_30x30>
<description>
aciklama
</description>
</channel>
<channel>
<title>
Su Ati Derinlerin Efsanesi - The Water Horse 2007 Turkce Dublaj 
</title>
<stream_url>
http://www.filmifullizle.com/su-ati-derinlerin-efsanesi-the-water-horse-2007-turkce-dublaj-izle.html
</stream_url>
<logo_30x30>
http://resim.filmifullizle.com/resimler/filmifull-suatıderinlerinefsanesi.jpg
</logo_30x30>
<description>
aciklama
</description>
</channel>
<channel>
<title>
Lutfen Beni Oldurme &amp; Stranger Than Fiction 2006 Turkce Dublaj 
</title>
<stream_url>
http://www.filmifullizle.com/lutfen-beni-oldurme-stranger-than-fiction-2006-turkce-dublaj-izle.html
</stream_url>
<logo_30x30>
http://resim.filmifullizle.com/resimler/filmifull-lutfenbenioldurme.jpg
</logo_30x30>
<description>
aciklama
</description>
</channel>
<channel>
<title>
Olumsuz Savasci - Beowulf 2007 Turkce Dublaj 
</title>
<stream_url>
http://www.filmifullizle.com/olumsuz-savasci-beowulf-2007-turkce-dublaj-izle.html
</stream_url>
<logo_30x30>
http://resim.filmifullizle.com/resimler/filmifull-olumsuzsavascıı.jpg
</logo_30x30>
<description>
aciklama
</description>
</channel>
<channel>
<title>
Karanlik Golgeler - Dark Shadows 2012 Turkce Dublaj 
</title>
<stream_url>
http://www.filmifullizle.com/karanlik-golgeler-dark-shadows-2012-turkce-dublaj-izle.html
</stream_url>
<logo_30x30>
http://resim.filmifullizle.com/resimler/filmifull-karanlıkgolgelerr.jpg
</logo_30x30>
<description>
aciklama
</description>
</channel>
<channel>
<title>
Hellboy 2  Altin Ordu - Hellboy II  The Golden Army 2008 Turkce Dublaj 
</title>
<stream_url>
http://www.filmifullizle.com/hellboy-2-altin-ordu-hellboy-ii-the-golden-army-2008-turkce-dublaj-izle.html
</stream_url>
<logo_30x30>
http://resim.filmifullizle.com/resimler/filmifull-hellyboy2.jpg
</logo_30x30>
<description>
aciklama
</description>
</channel>
<channel>
<title>
Hellboy 2004 Turkce Dublaj 
</title>
<stream_url>
http://www.filmifullizle.com/hellboy-2004-turkce-dublaj-izle.html
</stream_url>
<logo_30x30>
http://resim.filmifullizle.com/resimler/filmifull-hellboy1.jpg
</logo_30x30>
<description>
aciklama
</description>
</channel>
<channel>
<title>
Livide 2011 Turkce Dublaj 
</title>
<stream_url>
http://www.filmifullizle.com/livide-2011-turkce-dublaj-izle.html
</stream_url>
<logo_30x30>
http://resim.filmifullizle.com/resimler/filmifull-lividee.jpg
</logo_30x30>
<description>
aciklama
</description>
</channel>
<channel>
<title>
Kiyamet Kitabi - Doomsday Book 2012 Turkce Altyazili 
</title>
<stream_url>
http://www.filmifullizle.com/kiyamet-kitabi-doomsday-book-2012-turkce-altyazili-izle.html
</stream_url>
<logo_30x30>
http://resim.filmifullizle.com/resimler/filmifull-kymtktabı.jpg
</logo_30x30>
<description>
aciklama
</description>
</channel>
<channel>
<title>
Ted 2012 Turkce Altyazili 
</title>
<stream_url>
http://www.filmifullizle.com/ted-2012-turkce-altyazili-izle.html
</stream_url>
<logo_30x30>
http://resim.filmifullizle.com/resimler/filmifull-tedd.jpg
</logo_30x30>
<description>
aciklama
</description>
</channel>
<channel>
<title>
Dragon Age Dawn of the Seeker 2012 Turkce Altyazili 
</title>
<stream_url>
http://www.filmifullizle.com/dragon-age-dawn-of-the-seeker-2012-turkce-altyazili-izle.html
</stream_url>
<logo_30x30>
http://resim.filmifullizle.com/resimler/filmifull-dragonage.jpg
</logo_30x30>
<description>
aciklama
</description>
</channel>
<channel>
<title>
Cadilar Diyari - Witchville 2010 Turkce Dublaj 
</title>
<stream_url>
http://www.filmifullizle.com/cadilar-diyari-witchville-2010-turkce-dublaj-izle.html
</stream_url>
<logo_30x30>
http://resim.filmifullizle.com/resimler/filmifull-cadılardıyarı.jpg
</logo_30x30>
<description>
aciklama
</description>
</channel>
<channel>
<title>
Milenyum Ejderi Efsanesi &amp; Onigamiden 2011 Turkce Dublaj 
</title>
<stream_url>
http://www.filmifullizle.com/milenyum-ejderi-efsanesi-onigamiden-2011-turkce-dublaj-izle.html
</stream_url>
<logo_30x30>
http://resim.filmifullizle.com/resimler/filmifull-mulanyimejder.jpg
</logo_30x30>
<description>
aciklama
</description>
</channel>
<channel>
<title>
Titanlarin Ofkesi - Wrath of the Titans 2012 Turkce Dublaj 
</title>
<stream_url>
http://www.filmifullizle.com/titanlarin-ofkesi-wrath-of-the-titans-2012-turkce-dublaj-izle.html
</stream_url>
<logo_30x30>
http://resim.filmifullizle.com/resimler/filmifull-titanofke.jpg
</logo_30x30>
<description>
aciklama
</description>
</channel>
<channel>
<title>
Titanlarin Ofkesi - Wrath of the Titans 2012 Turkce Altyazili 
</title>
<stream_url>
http://www.filmifullizle.com/titanlarin-ofkesi-wrath-of-the-titans-2012-turkce-altyazili-izle.html
</stream_url>
<logo_30x30>
http://resim.filmifullizle.com/resimler/filmifull-titanofke.jpg
</logo_30x30>
<description>
aciklama
</description>
</channel>
<channel>
<title>
Olumsuzler Tanrilarin Savasi 720p HD 2011 Turkce Dublaj 
</title>
<stream_url>
http://www.filmifullizle.com/olumsuzler-tanrilarin-savasi-720p-hd-2011-turkce-dublaj-izle.html
</stream_url>
<logo_30x30>
http://resim.filmifullizle.com/resimler/filmifull-tanrılarınsavası.jpg
</logo_30x30>
<description>
aciklama
</description>
</channel>
<channel>
<title>
Gizemli Adaya Yolculuk - 720p HD Turkce Dublaj 
</title>
<stream_url>
http://www.filmifullizle.com/gizemli-adaya-yolculuk-720p-hd-turkce-dublaj-izle.html
</stream_url>
<logo_30x30>
http://resim.filmifullizle.com/resimler/filmifull-gizemliyolculukk.jpg
</logo_30x30>
<description>
aciklama
</description>
</channel>
<channel>
<title>
Kader Mizragi - Die Jagd nach der heiligen Lanze 2010 Turkce Dublaj 
</title>
<stream_url>
http://www.filmifullizle.com/kader-mizragi-die-jagd-nach-der-heiligen-lanze-2010-turkce-dublaj-izle.html
</stream_url>
<logo_30x30>
http://resim.filmifullizle.com/resimler/filmifull-kadermızgraı.jpg
</logo_30x30>
<description>
aciklama
</description>
</channel>
<channel>
<title>
Vahsi Cin - Goblin 2010 Turkce Dublaj 
</title>
<stream_url>
http://www.filmifullizle.com/vahsi-cin-goblin-2010-turkce-dublaj-izle.html
</stream_url>
<logo_30x30>
http://resim.filmifullizle.com/resimler/filmifull-vahsicinn.jpg
</logo_30x30>
<description>
aciklama
</description>
</channel>
<channel>
<title>
Paris te Gece Yarisi - Midnight in Paris 2011 Turkce Dublaj 
</title>
<stream_url>
http://www.filmifullizle.com/paris-te-gece-yarisi-midnight-in-paris-2011-turkce-dublaj-izle.html
</stream_url>
<logo_30x30>
http://resim.filmifullizle.com/resimler/filmifull-parisgeceyarisi.jpg
</logo_30x30>
<description>
aciklama
</description>
</channel>
<channel>
<title>
Gizemli Adaya Yolculuk - Journey 2 The Mysterious Island 2012 Turkce Dublaj 
</title>
<stream_url>
http://www.filmifullizle.com/gizemli-adaya-yolculuk-journey-2-the-mysterious-island-2012-turkce-dublaj-izle.html
</stream_url>
<logo_30x30>
http://resim.filmifullizle.com/resimler/filmifull-gizemliyolculukk.jpg
</logo_30x30>
<description>
aciklama
</description>
</channel>
<channel>
<title>
Filmler Hakkinda Onemli Duyuru
</title>
<stream_url>
http://www.filmifullizle.com/filmler-hakkinda-onemli-duyuru.html
</stream_url>
<logo_30x30>
http://resim.filmifullizle.com/resimler/filmifull-duyuru2.jpg
</logo_30x30>
<description>
aciklama
</description>
</channel>
<channel>
<title>
Livide - 2011 Turkce Altyazili 
</title>
<stream_url>
http://www.filmifullizle.com/livide-2011-turkce-altyazili-izle.html
</stream_url>
<logo_30x30>
http://resim.filmifullizle.com/resimler/filmifull-lividee.jpg
</logo_30x30>
<description>
aciklama
</description>
</channel>
<channel>
<title>
Dis Perisi 2 - Tooth Fairy 2 2012 Turkce Dublaj 
</title>
<stream_url>
http://www.filmifullizle.com/dis-perisi-2-tooth-fairy-2-2012-turkce-dublaj-izle.html
</stream_url>
<logo_30x30>
http://resim.filmifullizle.com/resimler/filmifull-disperisi2.jpg
</logo_30x30>
<description>
aciklama
</description>
</channel>
<channel>
<title>
Eva 2011 Turkce Altyazili 
</title>
<stream_url>
http://www.filmifullizle.com/eva-2011-turkce-altyazili-izle.html
</stream_url>
<logo_30x30>
http://resim.filmifullizle.com/resimler/filmifull-eva2011.jpg
</logo_30x30>
<description>
aciklama
</description>
</channel>
</liste>
