<?xml version="1.0" encoding="utf-8"?>
<liste>
<channel>
<title>
Can Dostum - Intouchables 2011 Turkce Dublaj 
</title>
<stream_url>
http://www.filmifullizle.com/can-dostum-intouchables-2011-turkce-dublaj-izle.html
</stream_url>
<logo_30x30>
http://resim.filmifullizle.com/resimler/filmifull-candostumm.jpg
</logo_30x30>
<description>
aciklama
</description>
</channel>
<channel>
<title>
Siyah Giyen Adamlar 3 - Men In Black III 2012 Turkce Dublaj 
</title>
<stream_url>
http://www.filmifullizle.com/siyah-giyen-adamlar-3-men-in-black-iii-2012-turkce-dublaj-izle.html
</stream_url>
<logo_30x30>
http://resim.filmifullizle.com/resimler/filmifull-siyahgiyen3.jpg
</logo_30x30>
<description>
aciklama
</description>
</channel>
<channel>
<title>
Ghajini 2008 Turkce Altyazili 
</title>
<stream_url>
http://www.filmifullizle.com/ghajini-2008-turkce-altyazili-izle.html
</stream_url>
<logo_30x30>
http://resim.filmifullizle.com/resimler/filmifull-ghaniji.jpg
</logo_30x30>
<description>
aciklama
</description>
</channel>
<channel>
<title>
3 Aptal - 3 Idiots 2009 Turkce Altyazili 
</title>
<stream_url>
http://www.filmifullizle.com/3-aptal-3-idiots-2009-turkce-altyazili-izle.html
</stream_url>
<logo_30x30>
http://resim.filmifullizle.com/resimler/filmifull-333aptall.jpg
</logo_30x30>
<description>
aciklama
</description>
</channel>
<channel>
<title>
Can Dostum - Intouchables 2011 Turkce Altyazili 
</title>
<stream_url>
http://www.filmifullizle.com/can-dostum-intouchables-2011-turkce-altyazili-izle.html
</stream_url>
<logo_30x30>
http://resim.filmifullizle.com/resimler/filmifull-candostumm.jpg
</logo_30x30>
<description>
aciklama
</description>
</channel>
<channel>
<title>
Gizemli Adaya Yolculuk - 720p HD Turkce Dublaj 
</title>
<stream_url>
http://www.filmifullizle.com/gizemli-adaya-yolculuk-720p-hd-turkce-dublaj-izle.html
</stream_url>
<logo_30x30>
http://resim.filmifullizle.com/resimler/filmifull-gizemliyolculukk.jpg
</logo_30x30>
<description>
aciklama
</description>
</channel>
<channel>
<title>
Filmler Hakkinda Onemli Duyuru
</title>
<stream_url>
http://www.filmifullizle.com/filmler-hakkinda-onemli-duyuru.html
</stream_url>
<logo_30x30>
http://resim.filmifullizle.com/resimler/filmifull-duyuru2.jpg
</logo_30x30>
<description>
aciklama
</description>
</channel>
<channel>
<title>
Anneler Gununuz Kutlu Olsun 2012
</title>
<stream_url>
http://www.filmifullizle.com/anneler-gununuz-kutlu-olsun-2012.html
</stream_url>
<logo_30x30>
http://resim.filmifullizle.com/resimler/filmifull-annelergunu2012.jpg
</logo_30x30>
<description>
aciklama
</description>
</channel>
<channel>
<title>
Duyuru 26 Nisan 2012
</title>
<stream_url>
http://www.filmifullizle.com/onemli-duyuru.html
</stream_url>
<logo_30x30>
http://resim.filmifullizle.com/resimler/filmifull-duyuru2.jpg
</logo_30x30>
<description>
aciklama
</description>
</channel>
<channel>
<title>
Entelkoy Efekoy'e Karsi Filmi   2012
</title>
<stream_url>
http://www.filmifullizle.com/entelkoy-efekoye-karsi-filmi-full-izle-2012.html
</stream_url>
<logo_30x30>
http://resim.filmifullizle.com/resimler/filmifull-entelkoyefekoy.jpg
</logo_30x30>
<description>
aciklama
</description>
</channel>
<channel>
<title>
Celik Yumruklar - Reel Steel 2011 Turkce Dublaj 
</title>
<stream_url>
http://www.filmifullizle.com/celik-yumruklar-reel-steel-2011-turkce-dublaj-izle.html
</stream_url>
<logo_30x30>
http://resim.filmifullizle.com/resimler/filmifull-celikyumruk.jpg
</logo_30x30>
<description>
aciklama
</description>
</channel>
<channel>
<title>
Anadolu Kartallari Filmi   - 2011
</title>
<stream_url>
http://www.filmifullizle.com/anadolu-kartallari-filmi-full-izle-2011.html
</stream_url>
<logo_30x30>
http://resim.filmifullizle.com/resimler/filmifull-anadolukartal.jpg
</logo_30x30>
<description>
aciklama
</description>
</channel>
<channel>
<title>
Bir Gun &amp; One Day 2011 Turkce Dublaj 
</title>
<stream_url>
http://www.filmifullizle.com/bir-gun-one-day-2011-turkce-dublaj-izle.html
</stream_url>
<logo_30x30>
http://resim.filmifullizle.com/resimler/filmifull-birgunoneday.jpg
</logo_30x30>
<description>
aciklama
</description>
</channel>
<channel>
<title>
Ip Man 2 - 2010 Turkce Dublaj 
</title>
<stream_url>
http://www.filmifullizle.com/ip-man-2-2010-turkce-dublaj-izle.html
</stream_url>
<logo_30x30>
http://resim.filmifullizle.com/resimler/filmifull-ip2.jpg
</logo_30x30>
<description>
aciklama
</description>
</channel>
<channel>
<title>
Ip Man 1 - 2008 Turkce Dublaj 
</title>
<stream_url>
http://www.filmifullizle.com/ip-man-1-2008-turkce-dublaj-izle.html
</stream_url>
<logo_30x30>
http://resim.filmifullizle.com/resimler/filmifull-ipman1.jpg
</logo_30x30>
<description>
aciklama
</description>
</channel>
<channel>
<title>
Ip Man 3: Efsane Doguyor -Ip Man 3: The Legend Is Born  2011 Turkce Dublaj 
</title>
<stream_url>
http://www.filmifullizle.com/ip-man-3-efsane-doguyor-ip-man-3-the-legend-is-born-2011-turkce-dublaj-izle.html
</stream_url>
<logo_30x30>
http://resim.filmifullizle.com/resimler/filmifull-ipman3.jpg
</logo_30x30>
<description>
aciklama
</description>
</channel>
<channel>
<title>
Ilk Yenilmez: Kaptan Amerika 2011 Turkce Dublaj 
</title>
<stream_url>
http://www.filmifullizle.com/ilk-yenilmez-kaptan-amerika-2011-turkce-dublaj-izle.html
</stream_url>
<logo_30x30>
http://resim.filmifullizle.com/resimler/filmifull-lkyenlmezkaptanamerka.jpg
</logo_30x30>
<description>
aciklama
</description>
</channel>
<channel>
<title>
Sihirbazin Ciragi - The Sorcerer s Apprentice Film  |Turkce Dublaj|
</title>
<stream_url>
http://www.filmifullizle.com/sihirbazin-ciragi-%e2%80%93-the-sorcerer%e2%80%99s-apprentice-film-izle-turkce-dublaj.html
</stream_url>
<logo_30x30>
http://resim.filmifullizle.com/foto/sihirbazin-ciragi.jpg
</logo_30x30>
<description>
aciklama
</description>
</channel>
<channel>
<title>
Titanik Filmi  
</title>
<stream_url>
http://www.filmifullizle.com/titanik-filmi-full-izle.html
</stream_url>
<logo_30x30>
http://img01.imgsinemalar.com/images/afis_buyuk/t/Titanik.jpg
</logo_30x30>
<description>
aciklama
</description>
</channel>
<channel>
<title>
The Karate Kid 2010 - Filmi  Izle - Turkce Dublaj
</title>
<stream_url>
http://www.filmifullizle.com/the-karate-kid-2010-filmi-full-izle-turkce-dublaj.html
</stream_url>
<logo_30x30>
http://img01.imgsinemalar.com/images/afis_buyuk/t/The-Karate-Kid-1282831372.jpg
</logo_30x30>
<description>
aciklama
</description>
</channel>
<channel>
<title>
Yuzuklerin Efendisi: Iki Kule Filmi  Izle
</title>
<stream_url>
http://www.filmifullizle.com/yuzuklerin-efendisi-iki-kule-filmi-full-izle.html
</stream_url>
<logo_30x30>
http://img01.imgsinemalar.com/images/afis_buyuk/y/Yuzuklerin-Efendisi-Iki-Kule.jpg
</logo_30x30>
<description>
aciklama
</description>
</channel>
<channel>
<title>
V For Vendetta Filmi  
</title>
<stream_url>
http://www.filmifullizle.com/v-for-vendetta-filmi-full-izle.html
</stream_url>
<logo_30x30>
http://img01.imgsinemalar.com/images/afis_buyuk/v/V-For-Vendetta.jpg
</logo_30x30>
<description>
aciklama
</description>
</channel>
<channel>
<title>
Kutsal Savasci - Priest 2011 |Turkce Dublaj| Izle
</title>
<stream_url>
http://www.filmifullizle.com/kutsal-savasci-priest-2011-turkce-dublaj-izle.html
</stream_url>
<logo_30x30>
http://resim.filmifullizle.com/foto/kutsalsavasci.jpg
</logo_30x30>
<description>
aciklama
</description>
</channel>
<channel>
<title>
72. Kogus  
</title>
<stream_url>
http://www.filmifullizle.com/72-kogus-full-izle.html
</stream_url>
<logo_30x30>
http://resim.filmifullizle.com/foto/721-211x300.jpg
</logo_30x30>
<description>
aciklama
</description>
</channel>
<channel>
<title>
Piyanist - The Pianist Filmi  
</title>
<stream_url>
http://www.filmifullizle.com/piyanist-the-pianist-filmi-full-izle.html
</stream_url>
<logo_30x30>
http://img01.imgsinemalar.com/images/afis_buyuk/p/Piyanist-1250976329.jpg
</logo_30x30>
<description>
aciklama
</description>
</channel>
<channel>
<title>
Sevginin Gucu - Leon Filmi  
</title>
<stream_url>
http://www.filmifullizle.com/sevginin-gucu-leon-filmi-full-izle.html
</stream_url>
<logo_30x30>
http://img01.imgsinemalar.com/images/afis_buyuk/s/Sevginin-Gucu.jpg
</logo_30x30>
<description>
aciklama
</description>
</channel>
<channel>
<title>
Karayip Korsanlari: Dunyanin Sonu Filmi  
</title>
<stream_url>
http://www.filmifullizle.com/karayip-korsanlari-dunyanin-sonu-filmi-full-izle.html
</stream_url>
<logo_30x30>
http://resim.filmifullizle.com/foto//Karayip-Korsanlari-Dunyanin-Sonu.jpg
</logo_30x30>
<description>
aciklama
</description>
</channel>
<channel>
<title>
Kara Sovalye - The Dark Knight Filmi  
</title>
<stream_url>
http://www.filmifullizle.com/kara-sovalye-the-dark-knight-filmi-full-izle.html
</stream_url>
<logo_30x30>
http://img01.imgsinemalar.com/images/afis_buyuk/k/Kara-Sovalye.jpg
</logo_30x30>
<description>
aciklama
</description>
</channel>
</liste>
