<?xml version="1.0" encoding="utf-8"?>
<liste>
<channel>
<title>
Alice Creed Kayboldu - The Disappearance of Alice Creed 2009 Turkce Dublaj 
</title>
<stream_url>
http://www.filmifullizle.com/alice-creed-kayboldu-the-disappearance-of-alice-creed-2009-turkce-dublaj-izle.html
</stream_url>
<logo_30x30>
http://resim.filmifullizle.com/resimler/filmifull-alicecreed.jpg
</logo_30x30>
<description>
aciklama
</description>
</channel>
<channel>
<title>
Yenilmez - Invictus 2009 Turkce Dublaj 
</title>
<stream_url>
http://www.filmifullizle.com/yenilmez-invictus-2009-turkce-dublaj-izle.html
</stream_url>
<logo_30x30>
http://resim.filmifullizle.com/resimler/filmifull-yenilmezz.jpg
</logo_30x30>
<description>
aciklama
</description>
</channel>
<channel>
<title>
Olum Odasi - The Killing Room 2009 Turkce Dublaj 
</title>
<stream_url>
http://www.filmifullizle.com/olum-odasi-the-killing-room-2009-turkce-dublaj-izle.html
</stream_url>
<logo_30x30>
http://resim.filmifullizle.com/resimler/filmifull-olumodası.jpg
</logo_30x30>
<description>
aciklama
</description>
</channel>
<channel>
<title>
Cennette Bes Dakika - Five Minutes of Heaven 2009 Turkce Dublaj 
</title>
<stream_url>
http://www.filmifullizle.com/cennette-bes-dakika-five-minutes-of-heaven-2009-turkce-dublaj-izle.html
</stream_url>
<logo_30x30>
http://resim.filmifullizle.com/resimler/filmifull-cennet5dakıka.jpg
</logo_30x30>
<description>
aciklama
</description>
</channel>
<channel>
<title>
Uzay Yolu - Star Trek 2009 Turkce Dublaj 
</title>
<stream_url>
http://www.filmifullizle.com/uzay-yolu-star-trek-2009-turkce-dublaj-izle.html
</stream_url>
<logo_30x30>
http://resim.filmifullizle.com/resimler/filmifull-uzayyolu2009.jpg
</logo_30x30>
<description>
aciklama
</description>
</channel>
<channel>
<title>
Yanlis Adam - Wrong Turn At Tahoe 2009 Turkce Dublaj 
</title>
<stream_url>
http://www.filmifullizle.com/yanlis-adam-wrong-turn-at-tahoe-2009-turkce-dublaj-izle.html
</stream_url>
<logo_30x30>
http://resim.filmifullizle.com/resimler/filmifull-yanlısadamm.jpg
</logo_30x30>
<description>
aciklama
</description>
</channel>
<channel>
<title>
Dondurulmus Ruhlar - Cold Souls 2009 Turkce Dublaj 
</title>
<stream_url>
http://www.filmifullizle.com/dondurulmus-ruhlar-cold-souls-2009-turkce-dublaj-izle.html
</stream_url>
<logo_30x30>
http://resim.filmifullizle.com/resimler/filmifull-dondurulmusruhlar.jpg
</logo_30x30>
<description>
aciklama
</description>
</channel>
<channel>
<title>
Trocki - The Trotsky 2009 Turkce Dublaj 
</title>
<stream_url>
http://www.filmifullizle.com/trocki-the-trotsky-2009-turkce-dublah-izle.html
</stream_url>
<logo_30x30>
http://resim.filmifullizle.com/resimler/filmifull-trockii.jpg
</logo_30x30>
<description>
aciklama
</description>
</channel>
<channel>
<title>
Davetsiz - The Uninvited 2009 Turkce Dublaj 
</title>
<stream_url>
http://www.filmifullizle.com/davetsiz-the-uninvited-2009-turkce-dublaj-izle.html
</stream_url>
<logo_30x30>
http://resim.filmifullizle.com/resimler/filmifull-davetizz.jpg
</logo_30x30>
<description>
aciklama
</description>
</channel>
<channel>
<title>
Kasap &amp; The Butcher 2009 Turkce Dublaj 
</title>
<stream_url>
http://www.filmifullizle.com/kasap-the-butcher-2009-turkce-dublaj-izle.html
</stream_url>
<logo_30x30>
http://resim.filmifullizle.com/resimler/filmifull-kasap2009.jpg
</logo_30x30>
<description>
aciklama
</description>
</channel>
<channel>
<title>
Atesle Oynayan Kiz - The Girl Who Played with Fire 2009 Turkce Dublaj 
</title>
<stream_url>
http://www.filmifullizle.com/atesle-oynayan-kiz-the-girl-who-played-with-fire-2009-turkce-dublaj-izle.html
</stream_url>
<logo_30x30>
http://resim.filmifullizle.com/resimler/filmifull-atesleoynayankızz.jpg
</logo_30x30>
<description>
aciklama
</description>
</channel>
<channel>
<title>
Darbe - Push 2009 Turkce Dublaj 
</title>
<stream_url>
http://www.filmifullizle.com/darbe-push-2009-turkce-dublaj-izle.html
</stream_url>
<logo_30x30>
http://resim.filmifullizle.com/resimler/filmifull-darbepush.jpg
</logo_30x30>
<description>
aciklama
</description>
</channel>
<channel>
<title>
Dualar Bobby Icin - Prayers for Bobby 2009 Turkce Dublaj 
</title>
<stream_url>
http://www.filmifullizle.com/dualar-bobby-icin-prayers-for-bobby-2009-turkce-dublaj-izle.html
</stream_url>
<logo_30x30>
http://resim.filmifullizle.com/resimler/filmifull-dualarbobbyin.jpg
</logo_30x30>
<description>
aciklama
</description>
</channel>
<channel>
<title>
Cennetin Kapisinda - Valhalla Rising 2009 Turkce Dublah 
</title>
<stream_url>
http://www.filmifullizle.com/cennetin-kapisinda-valhalla-rising-2009-turkce-dublah-izle.html
</stream_url>
<logo_30x30>
http://resim.filmifullizle.com/resimler/filmifull-cennetinkapısı.jpg
</logo_30x30>
<description>
aciklama
</description>
</channel>
<channel>
<title>
Imha Takimi - ExTerminator 2009 Turkce Dublaj 
</title>
<stream_url>
http://www.filmifullizle.com/imha-takimi-exterminator-2009-turkce-dublaj-izle.html
</stream_url>
<logo_30x30>
http://resim.filmifullizle.com/resimler/filmifull-imhatakımı.jpg
</logo_30x30>
<description>
aciklama
</description>
</channel>
<channel>
<title>
Bir Sirrin Getirdikleri - Bound by a Secret 2009 Turkce Dublaj 
</title>
<stream_url>
http://www.filmifullizle.com/bir-sirrin-getirdikleri-bound-by-a-secret-2009-turkce-dublaj-izle.html
</stream_url>
<logo_30x30>
http://resim.filmifullizle.com/resimler/filmifull-birsırrın.jpg
</logo_30x30>
<description>
aciklama
</description>
</channel>
<channel>
<title>
Ayrilik Sehri &amp; Separation City 2009 Turkce Dublaj 
</title>
<stream_url>
http://www.filmifullizle.com/ayrilik-sehri-separation-city-2009-turkce-dublaj-izle.html
</stream_url>
<logo_30x30>
http://resim.filmifullizle.com/resimler/filmifull-ayrılıksehrii.jpg
</logo_30x30>
<description>
aciklama
</description>
</channel>
<channel>
<title>
Vahsi Av - The Wild Hunt 2009 Turkce Dublaj 
</title>
<stream_url>
http://www.filmifullizle.com/vahsi-av-the-wild-hunt-2009-turkce-dublaj-izle.html
</stream_url>
<logo_30x30>
http://resim.filmifullizle.com/resimler/filmifull-vahsiavvv.jpg
</logo_30x30>
<description>
aciklama
</description>
</channel>
<channel>
<title>
Vur Emri - Shoot on Sight 2009  Turkce Dublaj 
</title>
<stream_url>
http://www.filmifullizle.com/vur-emri-shoot-on-sight-2009-turkce-dublaj-izle.html
</stream_url>
<logo_30x30>
http://resim.filmifullizle.com/resimler/filmifull-vurmeriii.jpg
</logo_30x30>
<description>
aciklama
</description>
</channel>
<channel>
<title>
Samurayin Intikami Kor Kurt - Samurai Avenger  The Blind Wolf 2009 Turkce Dublaj 
</title>
<stream_url>
http://www.filmifullizle.com/samurayin-intikami-kor-kurt-samurai-avenger-the-blind-wolf-2009-turkce-dublaj-izle.html
</stream_url>
<logo_30x30>
http://resim.filmifullizle.com/resimler/filmifull-samuraykorkurt.jpg
</logo_30x30>
<description>
aciklama
</description>
</channel>
<channel>
<title>
3 Aptal - 3 Idiots 2009 Turkce Altyazili 
</title>
<stream_url>
http://www.filmifullizle.com/3-aptal-3-idiots-2009-turkce-altyazili-izle.html
</stream_url>
<logo_30x30>
http://resim.filmifullizle.com/resimler/filmifull-333aptall.jpg
</logo_30x30>
<description>
aciklama
</description>
</channel>
<channel>
<title>
Kotu Polis - The Bad Lieutenant Port of Call 2009 Turkce Dublaj 
</title>
<stream_url>
http://www.filmifullizle.com/kotu-polis-the-bad-lieutenant-port-of-call-2009-turkce-dublaj-izle.html
</stream_url>
<logo_30x30>
http://resim.filmifullizle.com/resimler/filmifull-kotupoliss.jpg
</logo_30x30>
<description>
aciklama
</description>
</channel>
<channel>
<title>
Ask Oyunu - The Good Guy 2009 Turkce Dublaj 
</title>
<stream_url>
http://www.filmifullizle.com/ask-oyunu-the-good-guy-2009-turkce-dublaj-izle.html
</stream_url>
<logo_30x30>
http://resim.filmifullizle.com/resimler/filmifull-askoyunu.jpg
</logo_30x30>
<description>
aciklama
</description>
</channel>
<channel>
<title>
Kehanet - Vision 2009 Turkce Dublaj 
</title>
<stream_url>
http://www.filmifullizle.com/kehanet-vision-2009-turkce-dublaj-izle.html
</stream_url>
<logo_30x30>
http://resim.filmifullizle.com/resimler/filmifull-kehanett.jpg
</logo_30x30>
<description>
aciklama
</description>
</channel>
<channel>
<title>
Peter and Vandy 2009 Turkce Dublaj 
</title>
<stream_url>
http://www.filmifullizle.com/peter-and-vandy-2009-turkce-dublaj-izle.html
</stream_url>
<logo_30x30>
http://resim.filmifullizle.com/resimler/filmifull-peterandva.jpg
</logo_30x30>
<description>
aciklama
</description>
</channel>
<channel>
<title>
Sekizincide de Kalkacaksin -  8 fois debout 2009 Turkce Dublaj 
</title>
<stream_url>
http://www.filmifullizle.com/sekizincide-de-kalkacaksin-8-fois-debout-2009-turkce-dublaj-izle.html
</stream_url>
<logo_30x30>
http://resim.filmifullizle.com/resimler/filmifull-8cidekalkacaksın.jpg
</logo_30x30>
<description>
aciklama
</description>
</channel>
<channel>
<title>
Misir Cocuklari - Children of the Corn 2009 Turkce Dublaj 
</title>
<stream_url>
http://www.filmifullizle.com/misir-cocuklari-children-of-the-corn-2009-turkce-dublaj-izle.html
</stream_url>
<logo_30x30>
http://resim.filmifullizle.com/resimler/filmifull-mısırıncocukları.jpg
</logo_30x30>
<description>
aciklama
</description>
</channel>
<channel>
<title>
On Cephe - La prima linea 2009 Turkce Dublaj 
</title>
<stream_url>
http://www.filmifullizle.com/on-cephe-la-prima-linea-2009-turkce-dublaj-izle.html
</stream_url>
<logo_30x30>
http://resim.filmifullizle.com/resimler/filmifull-oncephe.jpg
</logo_30x30>
<description>
aciklama
</description>
</channel>
</liste>
