<?xml version="1.0" encoding="utf-8"?>
<liste>
<channel>
<title>
High School 2010 Turkce Altyazili 
</title>
<stream_url>
http://www.filmifullizle.com/high-school-2010-turkce-altyazili-izle.html
</stream_url>
<logo_30x30>
http://resim.filmifullizle.com/resimler/filmifull-HighSchool.jpg
</logo_30x30>
<description>
aciklama
</description>
</channel>
<channel>
<title>
Project X 2012 Turkce Dublaj 
</title>
<stream_url>
http://www.filmifullizle.com/project-x-2012-turkce-dublaj-izle.html
</stream_url>
<logo_30x30>
http://resim.filmifullizle.com/resimler/filmifull-projexx.jpg
</logo_30x30>
<description>
aciklama
</description>
</channel>
<channel>
<title>
Sinirlarda Dolasmak &amp; Cruzando el limite 2010 Turkce Dublaj 
</title>
<stream_url>
http://www.filmifullizle.com/sinirlarda-dolasmak-cruzando-el-limite-2010-turkce-dublaj-izle.html
</stream_url>
<logo_30x30>
http://resim.filmifullizle.com/resimler/filmifull-sınırlardadolasmak.jpg
</logo_30x30>
<description>
aciklama
</description>
</channel>
<channel>
<title>
Bakici - The Sitter 2011 Turkce Dublaj 
</title>
<stream_url>
http://www.filmifullizle.com/bakici-the-sitter-2011-turkce-dublaj-izle.html
</stream_url>
<logo_30x30>
http://resim.filmifullizle.com/resimler/filmifull-bakıcıı.jpg
</logo_30x30>
<description>
aciklama
</description>
</channel>
<channel>
<title>
Filmler Hakkinda Onemli Duyuru
</title>
<stream_url>
http://www.filmifullizle.com/filmler-hakkinda-onemli-duyuru.html
</stream_url>
<logo_30x30>
http://resim.filmifullizle.com/resimler/filmifull-duyuru2.jpg
</logo_30x30>
<description>
aciklama
</description>
</channel>
<channel>
<title>
Duyuru 26 Nisan 2012
</title>
<stream_url>
http://www.filmifullizle.com/onemli-duyuru.html
</stream_url>
<logo_30x30>
http://resim.filmifullizle.com/resimler/filmifull-duyuru2.jpg
</logo_30x30>
<description>
aciklama
</description>
</channel>
<channel>
<title>
Atesli Genclik - Youth in Revolt 2009 Turkce Dublaj 
</title>
<stream_url>
http://www.filmifullizle.com/atesli-genclik-youth-in-revolt-2009-turkce-dublaj-izle.html
</stream_url>
<logo_30x30>
http://resim.filmifullizle.com/resimler/filmifull-atesligncler.jpg
</logo_30x30>
<description>
aciklama
</description>
</channel>
<channel>
<title>
Comez - Cherry 2010 Turkce Dublaj 
</title>
<stream_url>
http://www.filmifullizle.com/comez-cherry-2010-turkce-dublaj-izle.html
</stream_url>
<logo_30x30>
http://resim.filmifullizle.com/resimler/filmifull-comezz.jpg
</logo_30x30>
<description>
aciklama
</description>
</channel>
<channel>
<title>
Bunu Resmet &amp; Picture This 2008 Turkce Dublaj 
</title>
<stream_url>
http://www.filmifullizle.com/bunu-resmet-picture-this-2008-turkce-dublaj-izle.html
</stream_url>
<logo_30x30>
http://resim.filmifullizle.com/resimler/filmifull-bunuresmet.jpg
</logo_30x30>
<description>
aciklama
</description>
</channel>
<channel>
<title>
Kapak Guzeli - Miss March 2009 Turkce Dublaj 
</title>
<stream_url>
http://www.filmifullizle.com/kapak-guzeli-miss-march-2009-turkce-dublaj-izle.html
</stream_url>
<logo_30x30>
http://resim.filmifullizle.com/resimler/filmifull-kapakguzeli.jpg
</logo_30x30>
<description>
aciklama
</description>
</channel>
<channel>
<title>
Ciglik 4 - Scream 4 2011 Turkce Dublaj 
</title>
<stream_url>
http://www.filmifullizle.com/ciglik-4-%e2%80%93-scream-4-2011-turkce-dublaj-izle.html
</stream_url>
<logo_30x30>
http://resim.filmifullizle.com/resimler/filmifull-ciglik.jpg
</logo_30x30>
<description>
aciklama
</description>
</channel>
<channel>
<title>
Kotu Ogretmen &amp; Bad Teacher 2011 Turkce Dublaj 
</title>
<stream_url>
http://www.filmifullizle.com/kotu-ogretmen-bad-teacher-2011-turkce-dublaj-izle.html
</stream_url>
<logo_30x30>
http://resim.filmifullizle.com/resimler/filmifull-kotuogretmen.jpg
</logo_30x30>
<description>
aciklama
</description>
</channel>
<channel>
<title>
Goz Alici Macera - Sharpays Fabulous Adventure 2011 |Turkce Dublaj| Izle
</title>
<stream_url>
http://www.filmifullizle.com/goz-alici-macera-sharpays-fabulous-adventure-2011-turkce-dublaj-izle.html
</stream_url>
<logo_30x30>
http://resim.filmifullizle.com/foto/goz-alici-macera.jpg
</logo_30x30>
<description>
aciklama
</description>
</channel>
<channel>
<title>
The Karate Kid 2010 - Filmi  Izle - Turkce Dublaj
</title>
<stream_url>
http://www.filmifullizle.com/the-karate-kid-2010-filmi-full-izle-turkce-dublaj.html
</stream_url>
<logo_30x30>
http://img01.imgsinemalar.com/images/afis_buyuk/t/The-Karate-Kid-1282831372.jpg
</logo_30x30>
<description>
aciklama
</description>
</channel>
<channel>
<title>
Ask Adasi - Love Wrecked |Turkce Dublaj| Izle
</title>
<stream_url>
http://www.filmifullizle.com/ask-adasi-love-wrecked-turkce-dublaj-izle.html
</stream_url>
<logo_30x30>
http://resim.filmifullizle.com/foto//ask-adasi-215x300.jpg
</logo_30x30>
<description>
aciklama
</description>
</channel>
<channel>
<title>
Cilgin Hirsiz - Despicable Me / Filmi Turkce Dublaj  |2010 Yeni|
</title>
<stream_url>
http://www.filmifullizle.com/cilgin-hirsiz-despicable-me-filmi-turkce-dublaj-izle-2010-yeni.html
</stream_url>
<logo_30x30>
http://resim.filmifullizle.com/foto/Cilgin-Hirsiz.jpg
</logo_30x30>
<description>
aciklama
</description>
</channel>
<channel>
<title>
Denizden Gelen Kiz &amp; Aquamarine 2006 Turkce Dublaj 
</title>
<stream_url>
http://www.filmifullizle.com/denizden-gelen-kiz-aquamarine-2006-turkce-dublaj-izle.html
</stream_url>
<logo_30x30>
http://resim.filmifullizle.com/foto//Denizden-Gelen-Kiz.jpg
</logo_30x30>
<description>
aciklama
</description>
</channel>
<channel>
<title>
Kizlar Erkeklerden Ne Ister? |Turkce Dublaj| Izle
</title>
<stream_url>
http://www.filmifullizle.com/kizlar-erkeklerden-ne-ister-turkce-dublaj-izle.html
</stream_url>
<logo_30x30>
http://resim.filmifullizle.com/foto/pipi-ister-210x300.jpg
</logo_30x30>
<description>
aciklama
</description>
</channel>
<channel>
<title>
Transformers 3 - Transformers: The Dark of the Moon 
</title>
<stream_url>
http://www.filmifullizle.com/transformers-3-transformers-the-dark-of-the-moon-izle.html
</stream_url>
<logo_30x30>
http://resim.filmifullizle.com/foto//trans-211x300.jpg
</logo_30x30>
<description>
aciklama
</description>
</channel>
<channel>
<title>
Harry Potter Ve Olum Yadigarlari Bolum 2 |Turkce Altyazili| 
</title>
<stream_url>
http://www.filmifullizle.com/harry-potter-ve-olum-yadigarlari-bolum-2-turkce-altyazili-izle.html
</stream_url>
<logo_30x30>
http://resim.filmifullizle.com/foto/harrypotte-187x300.jpg
</logo_30x30>
<description>
aciklama
</description>
</channel>
<channel>
<title>
Harry Potter Ve Olum Yadigarlari Bolum 2 Filmi  Turkce Izle
</title>
<stream_url>
http://www.filmifullizle.com/harry-potter-ve-olum-yadigarlari-bolum-2-filmi-full-turkce-izle.html
</stream_url>
<logo_30x30>
http://resim.filmifullizle.com/foto/part2-200x300.jpg
</logo_30x30>
<description>
aciklama
</description>
</channel>
<channel>
<title>
Bizim Buyuk Caresizligimiz 2011 Film 
</title>
<stream_url>
http://www.filmifullizle.com/bizim-buyuk-caresizligimiz-2011-film-izle.html
</stream_url>
<logo_30x30>
http://resim.filmifullizle.com/foto/88bwb-210x300.jpg
</logo_30x30>
<description>
aciklama
</description>
</channel>
<channel>
<title>
Harry Potter ve Zumruduanka Yoldasligi Filmi |Turkce Dublaj| Izle
</title>
<stream_url>
http://www.filmifullizle.com/harry-potter-ve-zumruduanka-yoldasligi-filmi-turkce-dublaj-izle.html
</stream_url>
<logo_30x30>
http://resim.filmifullizle.com/foto//harry_poster2-210x300.jpg
</logo_30x30>
<description>
aciklama
</description>
</channel>
<channel>
<title>
Harry Potter ve Ates Kadehi Filmi |Turkce Dublaj| Izle
</title>
<stream_url>
http://www.filmifullizle.com/harry-potter-ve-ates-kadehi-filmi-turkce-dublaj-izle.html
</stream_url>
<logo_30x30>
http://resim.filmifullizle.com/foto//ateskadehi1-203x300.jpg
</logo_30x30>
<description>
aciklama
</description>
</channel>
<channel>
<title>
Harry Potter ve Azkaban Tutsagi Filmi |Turkce Dublaj| Izle
</title>
<stream_url>
http://www.filmifullizle.com/harry-potter-ve-azkaban-tutsagi-filmi-turkce-dublaj-izle.html
</stream_url>
<logo_30x30>
http://resim.filmifullizle.com/foto//harry-potter-202x300.jpg
</logo_30x30>
<description>
aciklama
</description>
</channel>
<channel>
<title>
Harry Potter ve Felsefe Tasi Film  |Turkce Dublaj|
</title>
<stream_url>
http://www.filmifullizle.com/harry-potter-ve-felsefe-tasi-film-izle-turkce-dublaj.html
</stream_url>
<logo_30x30>
http://resim.filmifullizle.com/foto//harry-220x300.jpg
</logo_30x30>
<description>
aciklama
</description>
</channel>
<channel>
<title>
Sokak Dansi 3D 2010 Filmi 
</title>
<stream_url>
http://www.filmifullizle.com/sokak-dansi-3d-2010-filmi-izle.html
</stream_url>
<logo_30x30>
http://resim.filmifullizle.com/foto/sokak-215x300.jpg
</logo_30x30>
<description>
aciklama
</description>
</channel>
<channel>
<title>
Hizli Ve Ofkeli 4 Turkce Dublaj  |HD|
</title>
<stream_url>
http://www.filmifullizle.com/hizli-ve-ofkeli-4-turkce-dublaj-izle-hd.html
</stream_url>
<logo_30x30>
http://resim.filmifullizle.com/foto//Hizli-ve-Ofkeli-4.jpg
</logo_30x30>
<description>
aciklama
</description>
</channel>
</liste>
