<?xml version="1.0" encoding="utf-8"?>
<liste>
<channel>
<title>
High School 2010 Turkce Altyazili 
</title>
<stream_url>
http://www.filmifullizle.com/high-school-2010-turkce-altyazili-izle.html
</stream_url>
<logo_30x30>
http://resim.filmifullizle.com/resimler/filmifull-HighSchool.jpg
</logo_30x30>
<description>
aciklama
</description>
</channel>
<channel>
<title>
Ceset Hirsizlari &amp; Burke and Hare 2010 Turkce Dublaj 
</title>
<stream_url>
http://www.filmifullizle.com/ceset-hirsizlari-burke-and-hare-2010-turkce-dublaj-izle.html
</stream_url>
<logo_30x30>
http://resim.filmifullizle.com/resimler/filmifull-cesethırsızları2010.jpg
</logo_30x30>
<description>
aciklama
</description>
</channel>
<channel>
<title>
Olum Treni - The Edge - Kray 2010 Turkce Dublaj 
</title>
<stream_url>
http://www.filmifullizle.com/olum-treni-the-edge-kray-2010-turkce-dublaj-izle.html
</stream_url>
<logo_30x30>
http://resim.filmifullizle.com/resimler/filmifull-olumteniii.jpg
</logo_30x30>
<description>
aciklama
</description>
</channel>
<channel>
<title>
13 - Thirteen 2010 Turkce Dublaj 
</title>
<stream_url>
http://www.filmifullizle.com/13-thirteen-2010-turkce-dublaj-izle-2.html
</stream_url>
<logo_30x30>
http://resim.filmifullizle.com/resimler/filmifull-13thirteen.jpg
</logo_30x30>
<description>
aciklama
</description>
</channel>
<channel>
<title>
Son Degil Baslangic - Das Ende ist mein Anfang 2010 Turkce Dublaj 
</title>
<stream_url>
http://www.filmifullizle.com/son-degil-baslangic-das-ende-ist-mein-anfang-2010-turkce-dublaj-izle.html
</stream_url>
<logo_30x30>
http://resim.filmifullizle.com/resimler/filmifull-sondegıl.jpg
</logo_30x30>
<description>
aciklama
</description>
</channel>
<channel>
<title>
Kurban - Sacrifice 2010 Turkce Dublaj 
</title>
<stream_url>
http://www.filmifullizle.com/kurban-sacrifice-2010-turkce-dublaj-izle.html
</stream_url>
<logo_30x30>
http://resim.filmifullizle.com/resimler/filmifull-kurbann.jpg
</logo_30x30>
<description>
aciklama
</description>
</channel>
<channel>
<title>
Salaklar Sofrasi - Dinner For Schmucks 2010 Turkce Dublaj 
</title>
<stream_url>
http://www.filmifullizle.com/salaklar-sofrasi-dinner-for-schmucks-2010-turkce-dublaj-izle.html
</stream_url>
<logo_30x30>
http://resim.filmifullizle.com/resimler/filmifull-salaklarsofrası.jpg
</logo_30x30>
<description>
aciklama
</description>
</channel>
<channel>
<title>
Ozel Iliski - The Special Relationship 2010 Turkce Dublaj 
</title>
<stream_url>
http://www.filmifullizle.com/ozel-iliski-the-special-relationship-2010-turkce-dublaj-izle.html
</stream_url>
<logo_30x30>
http://resim.filmifullizle.com/resimler/filmifull-ozeliliski.jpg
</logo_30x30>
<description>
aciklama
</description>
</channel>
<channel>
<title>
Katille 7 Gun - Seven Day 2010 Turkce Dublaj 
</title>
<stream_url>
http://www.filmifullizle.com/katille-7-gun-seven-day-2010-turkce-dublaj-izle.html
</stream_url>
<logo_30x30>
http://resim.filmifullizle.com/resimler/filmifull-katil7gun.jpg
</logo_30x30>
<description>
aciklama
</description>
</channel>
<channel>
<title>
Buzda Ask - Ice Castles 2010 Turkce Dublaj 
</title>
<stream_url>
http://www.filmifullizle.com/buzda-ask-ice-castles-2010-turkce-dublaj-izle.html
</stream_url>
<logo_30x30>
http://resim.filmifullizle.com/resimler/filmifull-buzdaaskk.jpg
</logo_30x30>
<description>
aciklama
</description>
</channel>
<channel>
<title>
Tom ve Jerry Sherlock Holmes le Tanisiyor - Tom and Jerry Meet Sherlock Holmes 2010 Turkce Dublaj 
</title>
<stream_url>
http://www.filmifullizle.com/tom-ve-jerry-sherlock-holmes-le-tanisiyor-tom-and-jerry-meet-sherlock-holmes-2010-turkce-dublaj-izle.html
</stream_url>
<logo_30x30>
http://resim.filmifullizle.com/resimler/filmifull-tomjerrysherlock.jpg
</logo_30x30>
<description>
aciklama
</description>
</channel>
<channel>
<title>
Ayrilik - When We Leave 2010 Turkce Dublaj 
</title>
<stream_url>
http://www.filmifullizle.com/ayrilik-when-we-leave-2010-turkce-dublaj-izle.html
</stream_url>
<logo_30x30>
http://resim.filmifullizle.com/resimler/filmifull-ayrılıkkkk.jpg
</logo_30x30>
<description>
aciklama
</description>
</channel>
<channel>
<title>
Safak - Dusk 2010 Turkce Dublaj 
</title>
<stream_url>
http://www.filmifullizle.com/safak-dusk-2010-turkce-dublaj-izle.html
</stream_url>
<logo_30x30>
http://resim.filmifullizle.com/resimler/filmifull-safakk.jpg
</logo_30x30>
<description>
aciklama
</description>
</channel>
<channel>
<title>
Cinnet - Bedevilled 2010 Turkce Dublaj 
</title>
<stream_url>
http://www.filmifullizle.com/cinnet-bedevilled-2010-turkce-dublaj-izle.html
</stream_url>
<logo_30x30>
http://resim.filmifullizle.com/resimler/filmifull-cinnett.jpg
</logo_30x30>
<description>
aciklama
</description>
</channel>
<channel>
<title>
Sisman Dik - Dik Trom 2010 Turkce Dublaj 
</title>
<stream_url>
http://www.filmifullizle.com/sisman-dik-dik-trom-2010-turkce-dublaj-izle.html
</stream_url>
<logo_30x30>
http://resim.filmifullizle.com/resimler/filmifull-dikkk.jpg
</logo_30x30>
<description>
aciklama
</description>
</channel>
<channel>
<title>
Hersey Lila Icin - Groupies bleiben nicht zum Fruhstuck 2010 Turkce Dublaj 
</title>
<stream_url>
http://www.filmifullizle.com/hersey-lila-icin-groupies-bleiben-nicht-zum-fruhstuck-2010-turkce-dublaj-izle.html
</stream_url>
<logo_30x30>
http://resim.filmifullizle.com/resimler/filmifull-heyseylilaicinn.jpg
</logo_30x30>
<description>
aciklama
</description>
</channel>
<channel>
<title>
The Violent Kind 2010 Turkce Altyazili 
</title>
<stream_url>
http://www.filmifullizle.com/the-violent-kind-2010-turkce-altyazili-izle.html
</stream_url>
<logo_30x30>
http://resim.filmifullizle.com/resimler/filmifull-Violent.jpg
</logo_30x30>
<description>
aciklama
</description>
</channel>
<channel>
<title>
Guzel Cocuk - Beautiful Boy 2010 Turkce Dublaj 
</title>
<stream_url>
http://www.filmifullizle.com/guzel-cocuk-beautiful-boy-2010-turkce-dublaj-izle.html
</stream_url>
<logo_30x30>
http://resim.filmifullizle.com/resimler/filmifull-guzelcocukk.jpg
</logo_30x30>
<description>
aciklama
</description>
</channel>
<channel>
<title>
Ask Sarkim - My Own Love Song 2010 Turkce Dublaj 
</title>
<stream_url>
http://www.filmifullizle.com/ask-sarkim-my-own-love-song-2010-turkce-dublaj-izle-2.html
</stream_url>
<logo_30x30>
http://resim.filmifullizle.com/resimler/filmifull-asksarkımm.jpg
</logo_30x30>
<description>
aciklama
</description>
</channel>
<channel>
<title>
Lily 2010 Turkce Dublaj 
</title>
<stream_url>
http://www.filmifullizle.com/lily-2010-turkce-dublaj-izle.html
</stream_url>
<logo_30x30>
http://resim.filmifullizle.com/resimler/filmifull-lilyy.jpg
</logo_30x30>
<description>
aciklama
</description>
</channel>
<channel>
<title>
Sifali Eller - Healing Hands 2010 Turkce Dublaj 
</title>
<stream_url>
http://www.filmifullizle.com/sifali-eller-healing-hands-2010-turkce-dublaj-izle.html
</stream_url>
<logo_30x30>
http://resim.filmifullizle.com/resimler/filmifull-sifalıellerr.jpg
</logo_30x30>
<description>
aciklama
</description>
</channel>
<channel>
<title>
Salla Onu - Rock It ? 2010 Turkce Dublaj 
</title>
<stream_url>
http://www.filmifullizle.com/salla-onu-rock-it-2010-turkce-dublaj-izle.html
</stream_url>
<logo_30x30>
http://resim.filmifullizle.com/resimler/filmifull-sallaonuu.jpg
</logo_30x30>
<description>
aciklama
</description>
</channel>
<channel>
<title>
Ask ucgeni - Tamara Drewe Turkce Dublaj 
</title>
<stream_url>
http://www.filmifullizle.com/ask-ucgeni-tamara-drewe-turkce-dublaj-izle.html
</stream_url>
<logo_30x30>
http://resim.filmifullizle.com/resimler/filmifull-askucgenii.jpg
</logo_30x30>
<description>
aciklama
</description>
</channel>
<channel>
<title>
Cilgin Kuslar &amp; Plumiferos - Aventuras voladoras 2010 Turkce Dublaj 
</title>
<stream_url>
http://www.filmifullizle.com/cilgin-kuslar-plumiferos-aventuras-voladoras-2010-turkce-dublaj-izle.html
</stream_url>
<logo_30x30>
http://resim.filmifullizle.com/resimler/filmifull-cılgınkuslarr.jpg
</logo_30x30>
<description>
aciklama
</description>
</channel>
<channel>
<title>
Devrim - Revolucion 2010 Turkce Dublaj 
</title>
<stream_url>
http://www.filmifullizle.com/devrim-revolucion-2010-turkce-dublaj-izle.html
</stream_url>
<logo_30x30>
http://resim.filmifullizle.com/resimler/filmifull-devrimmm.jpg
</logo_30x30>
<description>
aciklama
</description>
</channel>
<channel>
<title>
Yanilsama - Agnosia 2010 Turkce Dublaj 
</title>
<stream_url>
http://www.filmifullizle.com/yanilsama-agnosia-2010-turkce-dublaj-izle.html
</stream_url>
<logo_30x30>
http://resim.filmifullizle.com/resimler/filmifull-yanılsamaa.jpg
</logo_30x30>
<description>
aciklama
</description>
</channel>
<channel>
<title>
Kara Ekmek - Pa Negre 2010 Turkce Dublaj 
</title>
<stream_url>
http://www.filmifullizle.com/kara-ekmek-pa-negre-2010-turkce-dublaj-izle.html
</stream_url>
<logo_30x30>
http://resim.filmifullizle.com/resimler/filmifull-karaekmekk.jpg
</logo_30x30>
<description>
aciklama
</description>
</channel>
<channel>
<title>
Abel 2010 Turkce Dublaj 
</title>
<stream_url>
http://www.filmifullizle.com/abel-2010-turkce-dublaj-izle.html
</stream_url>
<logo_30x30>
http://resim.filmifullizle.com/resimler/filmifull-abell.jpg
</logo_30x30>
<description>
aciklama
</description>
</channel>
</liste>
