<?xml version="1.0" encoding="utf-8"?>
<liste>
<channel>
<title>
Korku Kapani - Storage 24 2012 Turkce Altyazili 
</title>
<stream_url>
http://www.filmifullizle.com/korku-kapani-storage-24-2012-turkce-altyazili-izle.html
</stream_url>
<logo_30x30>
http://resim.filmifullizle.com/resimler/filmifull-korkukapanı24.jpg
</logo_30x30>
<description>
aciklama
</description>
</channel>
<channel>
<title>
Tanridan Gelen - Godsend 2004 Turkce Dublaj 
</title>
<stream_url>
http://www.filmifullizle.com/tanridan-gelen-godsend-2004-turkce-dublaj-izle.html
</stream_url>
<logo_30x30>
http://resim.filmifullizle.com/resimler/filmifull-tanrıdangelen.jpg
</logo_30x30>
<description>
aciklama
</description>
</channel>
<channel>
<title>
Gorunmez Savasci - Stealth 2005 Turkce Dublaj 
</title>
<stream_url>
http://www.filmifullizle.com/gorunmez-savasci-stealth-2005-turkce-dublaj-izle.html
</stream_url>
<logo_30x30>
http://resim.filmifullizle.com/resimler/filmifull-gorunmezsavascıı.jpg
</logo_30x30>
<description>
aciklama
</description>
</channel>
<channel>
<title>
Zaman Makinasi - The Time Machine 2002 Turkce Dublaj 
</title>
<stream_url>
http://www.filmifullizle.com/zaman-makinasi-the-time-machine-2002-turkce-dublaj-izle.html
</stream_url>
<logo_30x30>
http://resim.filmifullizle.com/resimler/filmifull-zamanmakinası2002.jpg
</logo_30x30>
<description>
aciklama
</description>
</channel>
<channel>
<title>
Olumsuz &amp; Unbreakable 2000 Turkce Dublaj 
</title>
<stream_url>
http://www.filmifullizle.com/olumsuz-unbreakable-2000-turkce-dublaj-izle.html
</stream_url>
<logo_30x30>
http://resim.filmifullizle.com/resimler/filmifull-olumsuzzz.jpg
</logo_30x30>
<description>
aciklama
</description>
</channel>
<channel>
<title>
Olum Yolculugu &amp; Apollo 18 - 2011 Turkce Dublaj 
</title>
<stream_url>
http://www.filmifullizle.com/olum-yolculugu-apollo-18-2011-turkce-dublaj-izle.html
</stream_url>
<logo_30x30>
http://resim.filmifullizle.com/resimler/filmifull-apollo1818.jpg
</logo_30x30>
<description>
aciklama
</description>
</channel>
<channel>
<title>
Karanlik Gezegen &amp; Obitaemyy ostrov 2008 Turkce Dublaj 
</title>
<stream_url>
http://www.filmifullizle.com/karanlik-gezegen-obitaemyy-ostrov-2008-turkce-dublaj-izle.html
</stream_url>
<logo_30x30>
http://resim.filmifullizle.com/resimler/filmifull-karanlıkgezegen.jpg
</logo_30x30>
<description>
aciklama
</description>
</channel>
<channel>
<title>
Uzay Yolu - Star Trek 2009 Turkce Dublaj 
</title>
<stream_url>
http://www.filmifullizle.com/uzay-yolu-star-trek-2009-turkce-dublaj-izle.html
</stream_url>
<logo_30x30>
http://resim.filmifullizle.com/resimler/filmifull-uzayyolu2009.jpg
</logo_30x30>
<description>
aciklama
</description>
</channel>
<channel>
<title>
Resident Evil 5 intikam - Resident Evil  Retribution 2012 Turkce Altyazili 
</title>
<stream_url>
http://www.filmifullizle.com/resident-evil-5-intikam-resident-evil-retribution-2012-turkce-altyazili-izle.html
</stream_url>
<logo_30x30>
http://resim.filmifullizle.com/resimler/filmifull-resident 5.jpg
</logo_30x30>
<description>
aciklama
</description>
</channel>
<channel>
<title>
Superman vs The Elite 2012 Turkce Dublaj 
</title>
<stream_url>
http://www.filmifullizle.com/superman-vs-the-elite-2012-turkce-dublaj-izle.html
</stream_url>
<logo_30x30>
http://resim.filmifullizle.com/resimler/filmifull-supermanvs.jpg
</logo_30x30>
<description>
aciklama
</description>
</channel>
<channel>
<title>
Klonlar - Recreator 2012 Turkce Dublaj 
</title>
<stream_url>
http://www.filmifullizle.com/klonlar-recreator-2012-turkce-dublaj-izle.html
</stream_url>
<logo_30x30>
http://resim.filmifullizle.com/resimler/filmifull-klonlarr.jpg
</logo_30x30>
<description>
aciklama
</description>
</channel>
<channel>
<title>
Prometheus 2012 Turkce Dublaj 
</title>
<stream_url>
http://www.filmifullizle.com/prometheus-2012-turkce-dublaj-izle.html
</stream_url>
<logo_30x30>
http://resim.filmifullizle.com/resimler/filmifull-Prometheus.jpg
</logo_30x30>
<description>
aciklama
</description>
</channel>
<channel>
<title>
Siyah Giyen Adamlar 3 - Men In Black III 2012 Turkce Dublaj 
</title>
<stream_url>
http://www.filmifullizle.com/siyah-giyen-adamlar-3-men-in-black-iii-2012-turkce-dublaj-izle.html
</stream_url>
<logo_30x30>
http://resim.filmifullizle.com/resimler/filmifull-siyahgiyen3.jpg
</logo_30x30>
<description>
aciklama
</description>
</channel>
<channel>
<title>
Siyah Giyen Adamlar 3 - Men In Black III 2012 Turkce Altyazili 
</title>
<stream_url>
http://www.filmifullizle.com/siyah-giyen-adamlar-3-men-in-black-iii-2012-turkce-altyazili-izle.html
</stream_url>
<logo_30x30>
http://resim.filmifullizle.com/resimler/filmifull-siyahh333.jpg
</logo_30x30>
<description>
aciklama
</description>
</channel>
<channel>
<title>
Babylon A.D - Babil M.S 2008 Turkce Dublaj 
</title>
<stream_url>
http://www.filmifullizle.com/babylon-a-d-babil-m-s-2008-turkce-dublaj-izle.html
</stream_url>
<logo_30x30>
http://resim.filmifullizle.com/resimler/filmifull-babylonn.jpg
</logo_30x30>
<description>
aciklama
</description>
</channel>
<channel>
<title>
Yaratiklar - Slither 2006 Turkce Dublaj 
</title>
<stream_url>
http://www.filmifullizle.com/yaratiklar-slither-2006-turkce-dublaj-izle.html
</stream_url>
<logo_30x30>
http://resim.filmifullizle.com/resimler/filmifull-yaratıklarrr.jpg
</logo_30x30>
<description>
aciklama
</description>
</channel>
<channel>
<title>
Suc Zamani - Timecrimes 2007 Turkce Dublaj 
</title>
<stream_url>
http://www.filmifullizle.com/suc-zamani-timecrimes-2007-turkce-dublaj-izle-2.html
</stream_url>
<logo_30x30>
http://resim.filmifullizle.com/resimler/filmifull-suc-zamani-2007.jpg
</logo_30x30>
<description>
aciklama
</description>
</channel>
<channel>
<title>
Darbe - Push 2009 Turkce Dublaj 
</title>
<stream_url>
http://www.filmifullizle.com/darbe-push-2009-turkce-dublaj-izle.html
</stream_url>
<logo_30x30>
http://resim.filmifullizle.com/resimler/filmifull-darbepush.jpg
</logo_30x30>
<description>
aciklama
</description>
</channel>
<channel>
<title>
Aclik Oyunlari - The Hunger Games 2012 Turkce Dublaj 
</title>
<stream_url>
http://www.filmifullizle.com/aclik-oyunlari-the-hunger-games-2012-turkce-dublaj-izle.html
</stream_url>
<logo_30x30>
http://resim.filmifullizle.com/resimler/filmifull-accccoyun.jpg
</logo_30x30>
<description>
aciklama
</description>
</channel>
<channel>
<title>
Amerikan Savas Gemileri &amp; American Warship 2012 Turkce Dublaj 
</title>
<stream_url>
http://www.filmifullizle.com/amerikan-savas-gemileri-american-warship-2012-turkce-dublaj-izle.html
</stream_url>
<logo_30x30>
http://resim.filmifullizle.com/resimler/filmifull-amerikansavagemileri.jpg
</logo_30x30>
<description>
aciklama
</description>
</channel>
<channel>
<title>
Kiyamet Kitabi - Doomsday Book 2012 Turkce Altyazili 
</title>
<stream_url>
http://www.filmifullizle.com/kiyamet-kitabi-doomsday-book-2012-turkce-altyazili-izle.html
</stream_url>
<logo_30x30>
http://resim.filmifullizle.com/resimler/filmifull-kymtktabı.jpg
</logo_30x30>
<description>
aciklama
</description>
</channel>
<channel>
<title>
Isyan - Lockout 2012 Turkce Altyazili 
</title>
<stream_url>
http://www.filmifullizle.com/isyan-lockout-2012-turkce-altyazili-izle.html
</stream_url>
<logo_30x30>
http://resim.filmifullizle.com/resimler/filmifull-isyanlock.jpg
</logo_30x30>
<description>
aciklama
</description>
</channel>
<channel>
<title>
Cadilar Diyari - Witchville 2010 Turkce Dublaj 
</title>
<stream_url>
http://www.filmifullizle.com/cadilar-diyari-witchville-2010-turkce-dublaj-izle.html
</stream_url>
<logo_30x30>
http://resim.filmifullizle.com/resimler/filmifull-cadılardıyarı.jpg
</logo_30x30>
<description>
aciklama
</description>
</channel>
<channel>
<title>
Tuhaf Yaratik &amp; Mothman 2010 Turkce Dublaj 
</title>
<stream_url>
http://www.filmifullizle.com/tuhaf-yaratik-mothman-2010-turkce-dublaj-izle.html
</stream_url>
<logo_30x30>
http://resim.filmifullizle.com/resimler/filmifull-tuhafyaratık.jpg
</logo_30x30>
<description>
aciklama
</description>
</channel>
<channel>
<title>
Dogaustu - Chronicle 2012 720p HD Turkce Dublaj 
</title>
<stream_url>
http://www.filmifullizle.com/dogaustu-chronicle-2012-720p-hd-turkce-dublaj-izle.html
</stream_url>
<logo_30x30>
http://resim.filmifullizle.com/resimler/filmifull-dogaustuu.jpg
</logo_30x30>
<description>
aciklama
</description>
</channel>
<channel>
<title>
Demir Gokyuzu - Iron Sky 2012 Turkce Altyazili 
</title>
<stream_url>
http://www.filmifullizle.com/demir-gokyuzu-iron-sky-2012-turkce-altyazili-izle.html
</stream_url>
<logo_30x30>
http://resim.filmifullizle.com/resimler/filmifull-demirgokyuzu.jpg
</logo_30x30>
<description>
aciklama
</description>
</channel>
<channel>
<title>
Vahsi Cin - Goblin 2010 Turkce Dublaj 
</title>
<stream_url>
http://www.filmifullizle.com/vahsi-cin-goblin-2010-turkce-dublaj-izle.html
</stream_url>
<logo_30x30>
http://resim.filmifullizle.com/resimler/filmifull-vahsicinn.jpg
</logo_30x30>
<description>
aciklama
</description>
</channel>
<channel>
<title>
Dogaustu - Chronicle 2012 Turkce Dublaj 
</title>
<stream_url>
http://www.filmifullizle.com/dogaustu-chronicle-2012-turkce-dublaj-izle.html
</stream_url>
<logo_30x30>
http://resim.filmifullizle.com/resimler/filmifull-dogaustuu.jpg
</logo_30x30>
<description>
aciklama
</description>
</channel>
</liste>
