<?xml version="1.0" encoding="utf-8"?>
<liste>
<channel>
<title>
Filmler Hakkinda Onemli Duyuru
</title>
<stream_url>
http://www.filmifullizle.com/filmler-hakkinda-onemli-duyuru.html
</stream_url>
<logo_30x30>
http://resim.filmifullizle.com/resimler/filmifull-duyuru2.jpg
</logo_30x30>
<description>
aciklama
</description>
</channel>
<channel>
<title>
Spartacus Vengeance 2. Sezon 9. Bolum Turkce Dublaj 
</title>
<stream_url>
http://www.filmifullizle.com/spartacus-vengeance-2-sezon-9-bolum-turkce-dublaj-izle.html
</stream_url>
<logo_30x30>
http://resim.filmifullizle.com/resimler/filmifull-SpartacusVengeance.jpg
</logo_30x30>
<description>
aciklama
</description>
</channel>
<channel>
<title>
Spartacus Vengeance 2. Sezon 8. Bolum Turkce Dublaj 
</title>
<stream_url>
http://www.filmifullizle.com/spartacus-vengeance-2-sezon-8-bolum-turkce-dublaj-izle.html
</stream_url>
<logo_30x30>
http://resim.filmifullizle.com/resimler/filmifull-SpartacusVengeance.jpg
</logo_30x30>
<description>
aciklama
</description>
</channel>
<channel>
<title>
Spartacus Vengeance 2. Sezon 7. Bolum Turkce Dublaj 
</title>
<stream_url>
http://www.filmifullizle.com/spartacus-vengeance-2-sezon-7-bolum-turkce-dublaj-izle.html
</stream_url>
<logo_30x30>
http://resim.filmifullizle.com/resimler/filmifull-SpartacusVengeance.jpg
</logo_30x30>
<description>
aciklama
</description>
</channel>
<channel>
<title>
Duyuru 26 Nisan 2012
</title>
<stream_url>
http://www.filmifullizle.com/onemli-duyuru.html
</stream_url>
<logo_30x30>
http://resim.filmifullizle.com/resimler/filmifull-duyuru2.jpg
</logo_30x30>
<description>
aciklama
</description>
</channel>
<channel>
<title>
Spartacus Vengeance 2. Sezon 6. Bolum Turkce Dublaj 
</title>
<stream_url>
http://www.filmifullizle.com/spartacus-vengeance-2-sezon-6-bolum-turkce-dublaj-izle.html
</stream_url>
<logo_30x30>
http://resim.filmifullizle.com/resimler/filmifull-SpartacusVengeance.jpg
</logo_30x30>
<description>
aciklama
</description>
</channel>
<channel>
<title>
Spartacus Vengeance 2. Sezon 5. Bolum Turkce Dublaj 
</title>
<stream_url>
http://www.filmifullizle.com/spartacus-vengeance-2-sezon-5-bolum-turkce-dublaj-izle.html
</stream_url>
<logo_30x30>
http://resim.filmifullizle.com/resimler/filmifull-SpartacusVengeance.jpg
</logo_30x30>
<description>
aciklama
</description>
</channel>
<channel>
<title>
Spartacus Vengeance 2. Sezon 4. Bolum Turkce Dublaj 
</title>
<stream_url>
http://www.filmifullizle.com/spartacus-vengeance-2-sezon-4-bolum-turkce-dublaj-izle.html
</stream_url>
<logo_30x30>
http://resim.filmifullizle.com/resimler/filmifull-SpartacusVengeance.jpg
</logo_30x30>
<description>
aciklama
</description>
</channel>
<channel>
<title>
Spartacus Vengeance 2. Sezon 3. Bolum Turkce Dublaj 
</title>
<stream_url>
http://www.filmifullizle.com/spartacus-vengeance-2-sezon-3-bolum-turkce-dublaj-izle.html
</stream_url>
<logo_30x30>
http://resim.filmifullizle.com/resimler/filmifull-SpartacusVengeance.jpg
</logo_30x30>
<description>
aciklama
</description>
</channel>
<channel>
<title>
Spartacus Vengeance 2. Sezon 1. Bolum 720p HD Turkce Dublaj 
</title>
<stream_url>
http://www.filmifullizle.com/spartacus-vengeance-2-sezon-1-bolum-720p-hd-turkce-dublaj-izle.html
</stream_url>
<logo_30x30>
http://resim.filmifullizle.com/resimler/filmifull-SpartacusVengeance.jpg
</logo_30x30>
<description>
aciklama
</description>
</channel>
<channel>
<title>
Spartacus Vengeance 2. Sezon 5. Bolum Turkce Altyazili 
</title>
<stream_url>
http://www.filmifullizle.com/spartacus-vengeance-2-sezon-5-bolum-turkce-altyazili-izle.html
</stream_url>
<logo_30x30>
http://resim.filmifullizle.com/resimler/filmifull-SpartacusVengeance.jpg
</logo_30x30>
<description>
aciklama
</description>
</channel>
<channel>
<title>
Spartacus Vengeance 1. Bolum Turkce Altyazili 
</title>
<stream_url>
http://www.filmifullizle.com/spartacus-vengeance-1-bolum-turkce-altyazili-izle.html
</stream_url>
<logo_30x30>
http://resim.filmifullizle.com/resimler/filmifull-SpartacusVengeance.jpg
</logo_30x30>
<description>
aciklama
</description>
</channel>
<channel>
<title>
Spartacus Blood And Sand 13. Bolum |Turkce Dublaj| Izle
</title>
<stream_url>
http://www.filmifullizle.com/spartacus-blood-and-sand-13-bolum-turkce-dublaj-izle.html
</stream_url>
<logo_30x30>
http://resim.filmifullizle.com/foto/spartacus-izle-223x300.jpg
</logo_30x30>
<description>
aciklama
</description>
</channel>
<channel>
<title>
Spartacus Blood And Sand 12. Bolum |Turkce Dublaj| Izle
</title>
<stream_url>
http://www.filmifullizle.com/spartacus-blood-and-sand-12-bolum-turkce-dublaj-izle.html
</stream_url>
<logo_30x30>
http://resim.filmifullizle.com/foto/spartacus-izle-223x300.jpg
</logo_30x30>
<description>
aciklama
</description>
</channel>
<channel>
<title>
Spartacus Blood And Sand 11. Bolum |Turkce Dublaj| Izle
</title>
<stream_url>
http://www.filmifullizle.com/spartacus-blood-and-sand-11-bolum-turkce-dublaj-izle.html
</stream_url>
<logo_30x30>
http://resim.filmifullizle.com/foto/spartacus-izle-223x300.jpg
</logo_30x30>
<description>
aciklama
</description>
</channel>
<channel>
<title>
Spartacus Blood And Sand 10. Bolum |Turkce Dublaj| Izle
</title>
<stream_url>
http://www.filmifullizle.com/spartacus-blood-and-sand-10-bolum-turkce-dublaj-izle.html
</stream_url>
<logo_30x30>
http://resim.filmifullizle.com/foto/spartacus-izle-223x300.jpg
</logo_30x30>
<description>
aciklama
</description>
</channel>
<channel>
<title>
Spartacus Blood And Sand 9. Bolum |Turkce Dublaj| Izle
</title>
<stream_url>
http://www.filmifullizle.com/spartacus-blood-and-sand-9-bolum-turkce-dublaj-izle.html
</stream_url>
<logo_30x30>
http://resim.filmifullizle.com/foto/spartacus-izle-223x300.jpg
</logo_30x30>
<description>
aciklama
</description>
</channel>
<channel>
<title>
Spartacus Blood And Sand 8. Bolum |Turkce Dublaj| Izle
</title>
<stream_url>
http://www.filmifullizle.com/spartacus-blood-and-sand-8-bolum-turkce-dublaj-izle.html
</stream_url>
<logo_30x30>
http://resim.filmifullizle.com/foto/spartacus-izle-223x300.jpg
</logo_30x30>
<description>
aciklama
</description>
</channel>
<channel>
<title>
Spartacus Blood And Sand 7. Bolum |Turkce Dublaj| Izle
</title>
<stream_url>
http://www.filmifullizle.com/spartacus-blood-and-sand-7-bolum-turkce-dublaj-izle.html
</stream_url>
<logo_30x30>
http://resim.filmifullizle.com/foto/spartacus-izle-223x300.jpg
</logo_30x30>
<description>
aciklama
</description>
</channel>
<channel>
<title>
Spartacus Blood And Sand 6. Bolum |Turkce Dublaj| Izle
</title>
<stream_url>
http://www.filmifullizle.com/spartacus-blood-and-sand-6-bolum-turkce-dublaj-izle.html
</stream_url>
<logo_30x30>
http://resim.filmifullizle.com/foto/spartacus-izle-223x300.jpg
</logo_30x30>
<description>
aciklama
</description>
</channel>
<channel>
<title>
Spartacus Blood And Sand 5. Bolum |Turkce Dublaj| Izle
</title>
<stream_url>
http://www.filmifullizle.com/spartacus-blood-and-sand-5-bolum-turkce-dublaj-izle.html
</stream_url>
<logo_30x30>
http://resim.filmifullizle.com/foto/spartacus-izle-223x300.jpg
</logo_30x30>
<description>
aciklama
</description>
</channel>
<channel>
<title>
Spartacus Blood And Sand 4. Bolum |Turkce Dublaj| Izle
</title>
<stream_url>
http://www.filmifullizle.com/spartacus-blood-and-sand-4-bolum-turkce-dublaj-izle.html
</stream_url>
<logo_30x30>
http://resim.filmifullizle.com/foto/spartacus-izle-223x300.jpg
</logo_30x30>
<description>
aciklama
</description>
</channel>
<channel>
<title>
Spartacus Blood And Sand 3. Bolum |Turkce Dublaj| Izle
</title>
<stream_url>
http://www.filmifullizle.com/spartacus-blood-and-sand-3-bolum-turkce-dublaj-izle.html
</stream_url>
<logo_30x30>
http://resim.filmifullizle.com/foto/spartacus-izle-223x300.jpg
</logo_30x30>
<description>
aciklama
</description>
</channel>
<channel>
<title>
Spartacus Blood And Sand 2. Bolum |Turkce Dublaj| Izle
</title>
<stream_url>
http://www.filmifullizle.com/spartacus-blood-and-sand-2-bolum-turkce-dublaj-izle.html
</stream_url>
<logo_30x30>
http://resim.filmifullizle.com/foto/spartacus-izle-223x300.jpg
</logo_30x30>
<description>
aciklama
</description>
</channel>
<channel>
<title>
Spartacus Blood And Sand 1. Bolum |Turkce Dublaj| Izle
</title>
<stream_url>
http://www.filmifullizle.com/spartacus-blood-and-sand-1-bolum-turkce-dublaj-izle.html
</stream_url>
<logo_30x30>
http://resim.filmifullizle.com/foto/spartacus-izle-223x300.jpg
</logo_30x30>
<description>
aciklama
</description>
</channel>
<channel>
<title>
Spartacus: Gods Of The Arena 4. Bolum |Turkce Dublaj| Izle
</title>
<stream_url>
http://www.filmifullizle.com/spartacus-gods-of-the-arena-4-bolum-turkce-dublaj-izle.html
</stream_url>
<logo_30x30>
http://resim.filmifullizle.com/foto/Spartacus-Gods-of-the-Arena-poster-200x300.jpg
</logo_30x30>
<description>
aciklama
</description>
</channel>
<channel>
<title>
Spartacus: Gods Of The Arena 3. Bolum |Turkce Dublaj| Izle
</title>
<stream_url>
http://www.filmifullizle.com/spartacus-gods-of-the-arena-3-bolum-turkce-dublaj-izle.html
</stream_url>
<logo_30x30>
http://resim.filmifullizle.com/foto/Spartacus-Gods-of-the-Arena-poster-200x300.jpg
</logo_30x30>
<description>
aciklama
</description>
</channel>
<channel>
<title>
Spartacus: Gods Of The Arena 2. Bolum |Turkce Dublaj| Izle
</title>
<stream_url>
http://www.filmifullizle.com/spartacus-gods-of-the-arena-2-bolum-turkce-dublaj-izle.html
</stream_url>
<logo_30x30>
http://resim.filmifullizle.com/foto/Spartacus-Gods-of-the-Arena-poster-200x300.jpg
</logo_30x30>
<description>
aciklama
</description>
</channel>
</liste>
