<?xml version="1.0" encoding="utf-8"?>
<liste>
<channel>
<title>
Spartacus: War of the Damned Teaser Trailer Revealed at Comic-Con
</title>
<stream_url>
http://www.filmifullizle.com/spartacus-war-of-the-damned-teaser-trailer-revealed-at-comic-con.html
</stream_url>
<logo_30x30>
http://resim.filmifullizle.com/resimler/filmifull-Spartacus3.jpg
</logo_30x30>
<description>
aciklama
</description>
</channel>
<channel>
<title>
Cogunluk 2010 Filmi  
</title>
<stream_url>
http://www.filmifullizle.com/cogunluk-2010-filmi-full-izle.html
</stream_url>
<logo_30x30>
http://img01.imgsinemalar.com/images/afis_buyuk/c/cogunluk-1286046878.jpg
</logo_30x30>
<description>
aciklama
</description>
</channel>
<channel>
<title>
Atlikarinca   - Atlikarinca , Atlikarinca Film 
</title>
<stream_url>
http://www.filmifullizle.com/atlikarinca-full-izle-atlikarinca-izle-atlikarinca-film-izle.html
</stream_url>
<logo_30x30>
http://resim.filmifullizle.com/foto//Atlikarinca-1287349352.jpg
</logo_30x30>
<description>
aciklama
</description>
</channel>
<channel>
<title>
Hop Dedik   - Hop Dedik  - Hop Dedik Film 
</title>
<stream_url>
http://www.filmifullizle.com/hop-dedik-full-izle-hop-dedik-izle-hop-dedik-film-izle.html
</stream_url>
<logo_30x30>
http://resim.filmifullizle.com/foto//Hop-Dedik-1299504937.jpg
</logo_30x30>
<description>
aciklama
</description>
</channel>
<channel>
<title>
Av Mevsimi 2010 Filmi  
</title>
<stream_url>
http://www.filmifullizle.com/av-mevsimi-2010-filmi-full-izle.html
</stream_url>
<logo_30x30>
http://resim.filmifullizle.com/foto//Av-Mevsimi.jpg
</logo_30x30>
<description>
aciklama
</description>
</channel>
<channel>
<title>
Kolpacino Bomba  Film 
</title>
<stream_url>
http://www.filmifullizle.com/kolpacino-bomba-full-film-izle.html
</stream_url>
<logo_30x30>
http://resim.filmifullizle.com/foto/Kolpacinobombaizle-208x300.jpg
</logo_30x30>
<description>
aciklama
</description>
</channel>
<channel>
<title>
Gunah Kecisi  
</title>
<stream_url>
http://www.filmifullizle.com/gunah-kecisi-full-izle.html
</stream_url>
<logo_30x30>
http://resim.filmifullizle.com/resimler/filmifull-eere.jpg
</logo_30x30>
<description>
aciklama
</description>
</channel>
<channel>
<title>
Bir Avuc Deniz Filmini  
</title>
<stream_url>
http://www.filmifullizle.com/bir-avuc-deniz-filmini-full-izle.html
</stream_url>
<logo_30x30>
http://resim.filmifullizle.com/foto//Bir-Avuc-Deniz-.jpg
</logo_30x30>
<description>
aciklama
</description>
</channel>
<channel>
<title>
Tehlikeli Ask - Kites 2011  
</title>
<stream_url>
http://www.filmifullizle.com/tehlikeli-ask-kites-2011-full-izle.html
</stream_url>
<logo_30x30>
http://resim.filmifullizle.com/foto/Kites-1292921356.jpg
</logo_30x30>
<description>
aciklama
</description>
</channel>
<channel>
<title>
Gunah Kecisi Filmi -  Orjinal 
</title>
<stream_url>
http://www.filmifullizle.com/gunah-kecisi-filmi-full-orjinal-izle.html
</stream_url>
<logo_30x30>
http://resim.filmifullizle.com/resimler/filmifull-eere.jpg
</logo_30x30>
<description>
aciklama
</description>
</channel>
<channel>
<title>
Askin Ikinci Yarisi 2010 Filmi  
</title>
<stream_url>
http://www.filmifullizle.com/askin-ikinci-yarisi-2010-filmi-full-izle.html
</stream_url>
<logo_30x30>
http://img01.imgsinemalar.com/images/afis_buyuk/a/Askin-Ikinci-Yarisi-1284658475.jpg
</logo_30x30>
<description>
aciklama
</description>
</channel>
<channel>
<title>
Sahin K - Gunah Kecisi Filmi  
</title>
<stream_url>
http://www.filmifullizle.com/sahin-k-gunah-kecisi-filmi-full-izle.html
</stream_url>
<logo_30x30>
http://resim.filmifullizle.com/resimler/filmifull-eere.jpg
</logo_30x30>
<description>
aciklama
</description>
</channel>
<channel>
<title>
Terminator 5 Filmi  Orjinal  |Turkce Dublaj|
</title>
<stream_url>
http://www.filmifullizle.com/terminator-5-filmi-full-orjinal-izle-turkce-dublaj.html
</stream_url>
<logo_30x30>
http://img01.imgsinemalar.com/images/afis_buyuk/t/Terminator-5-1269723835.jpg
</logo_30x30>
<description>
aciklama
</description>
</channel>
<channel>
<title>
Titanik - 3D
</title>
<stream_url>
http://www.filmifullizle.com/titanik-3d-full-izle-titanik-3d-izle-titanik-3d.html
</stream_url>
<logo_30x30>
http://resim.filmifullizle.com/foto//Titanik-3d-1297432154.jpg
</logo_30x30>
<description>
aciklama
</description>
</channel>
</liste>
