<?xml version="1.0" encoding="utf-8"?>
<liste>
<channel>
<title>
Madagaskar 3 Avrupa nin En Cok Arananlari 720p HD - Madagascar 3 Europe's Most Wanted 2012 Turkce Dublaj 
</title>
<stream_url>
http://www.filmifullizle.com/madagaskar-3-avrupa-nin-en-cok-arananlari-720p-hd-madagascar-3-europes-most-wanted-2012-turkce-dublaj-izle.html
</stream_url>
<logo_30x30>
http://resim.filmifullizle.com/resimler/filmifull-madagascar3tr.jpg
</logo_30x30>
<description>
aciklama
</description>
</channel>
<channel>
<title>
Madagascar 3 Europes Most Wanted 2012 Turkce Altyazili 
</title>
<stream_url>
http://www.filmifullizle.com/madagascar-3-europes-most-wanted-2012-turkce-altyazili-izle.html
</stream_url>
<logo_30x30>
http://resim.filmifullizle.com/resimler/filmifull-madagascar3.jpg
</logo_30x30>
<description>
aciklama
</description>
</channel>
<channel>
<title>
Sevimli Canavarlar &amp; Monster Inc. 2001 Turkce Dublaj 
</title>
<stream_url>
http://www.filmifullizle.com/sevimli-canavarlar-monster-inc-2001-turkce-dublaj-izle.html
</stream_url>
<logo_30x30>
http://resim.filmifullizle.com/resimler/filmifull-sevimlicanavarlar.jpg
</logo_30x30>
<description>
aciklama
</description>
</channel>
<channel>
<title>
Tom ve Jerry Korsanlar Arasinda 2006 Turkce Dublaj 
</title>
<stream_url>
http://www.filmifullizle.com/tom-ve-jerry-korsanlar-arasinda-2006-turkce-dublaj-izle.html
</stream_url>
<logo_30x30>
http://resim.filmifullizle.com/resimler/filmifull-jeerykorsanlar.jpg
</logo_30x30>
<description>
aciklama
</description>
</channel>
<channel>
<title>
Buz Devri 4 Kitalar Ayriliyor - Ice Age 4 Continental Drift 2012 Turkce Altyazili 
</title>
<stream_url>
http://www.filmifullizle.com/buz-devri-4-kitalar-ayriliyor-ice-age-4-continental-drift-2012-turkce-altyazili-izle.html
</stream_url>
<logo_30x30>
http://resim.filmifullizle.com/resimler/filmifull-buz44.jpg
</logo_30x30>
<description>
aciklama
</description>
</channel>
<channel>
<title>
Resident Evil Damnation 2012 Turkce Dublaj 
</title>
<stream_url>
http://www.filmifullizle.com/resident-evil-damnation-2012-turkce-dublaj-izle.html
</stream_url>
<logo_30x30>
http://resim.filmifullizle.com/resimler/filmifull-residentevildamnation.jpg
</logo_30x30>
<description>
aciklama
</description>
</channel>
<channel>
<title>
Tom ve Jerry Sherlock Holmes le Tanisiyor - Tom and Jerry Meet Sherlock Holmes 2010 Turkce Dublaj 
</title>
<stream_url>
http://www.filmifullizle.com/tom-ve-jerry-sherlock-holmes-le-tanisiyor-tom-and-jerry-meet-sherlock-holmes-2010-turkce-dublaj-izle.html
</stream_url>
<logo_30x30>
http://resim.filmifullizle.com/resimler/filmifull-tomjerrysherlock.jpg
</logo_30x30>
<description>
aciklama
</description>
</channel>
<channel>
<title>
Olumsuz Savasci - Beowulf 2007 Turkce Dublaj 
</title>
<stream_url>
http://www.filmifullizle.com/olumsuz-savasci-beowulf-2007-turkce-dublaj-izle.html
</stream_url>
<logo_30x30>
http://resim.filmifullizle.com/resimler/filmifull-olumsuzsavascıı.jpg
</logo_30x30>
<description>
aciklama
</description>
</channel>
<channel>
<title>
Superman vs The Elite 2012 Turkce Dublaj 
</title>
<stream_url>
http://www.filmifullizle.com/superman-vs-the-elite-2012-turkce-dublaj-izle.html
</stream_url>
<logo_30x30>
http://resim.filmifullizle.com/resimler/filmifull-supermanvs.jpg
</logo_30x30>
<description>
aciklama
</description>
</channel>
<channel>
<title>
Barbie - Prenses &amp; Pop Star 2012 Turkce Dublaj 
</title>
<stream_url>
http://www.filmifullizle.com/barbie-prenses-pop-star-2012-turkce-dublaj-izle.html
</stream_url>
<logo_30x30>
http://resim.filmifullizle.com/resimler/filmifull-barbipopstar.jpg
</logo_30x30>
<description>
aciklama
</description>
</channel>
<channel>
<title>
Karanligi Taramak - A Scnner Darkly 2006 Turkce Dublaj 
</title>
<stream_url>
http://www.filmifullizle.com/karanligi-taramak-a-scnner-darkly-2006-turkce-dublaj-izle.html
</stream_url>
<logo_30x30>
http://resim.filmifullizle.com/resimler/filmifull-karanlıgıtaramakk.jpg
</logo_30x30>
<description>
aciklama
</description>
</channel>
<channel>
<title>
Cilgin Kuslar &amp; Plumiferos - Aventuras voladoras 2010 Turkce Dublaj 
</title>
<stream_url>
http://www.filmifullizle.com/cilgin-kuslar-plumiferos-aventuras-voladoras-2010-turkce-dublaj-izle.html
</stream_url>
<logo_30x30>
http://resim.filmifullizle.com/resimler/filmifull-cılgınkuslarr.jpg
</logo_30x30>
<description>
aciklama
</description>
</channel>
<channel>
<title>
Kayip Balik Nemo &amp; Finding Nemo 2003 Turkce Dublaj 
</title>
<stream_url>
http://www.filmifullizle.com/kayip-balik-nemo-finding-nemo-2003-turkce-dublaj-izle.html
</stream_url>
<logo_30x30>
http://resim.filmifullizle.com/resimler/filmifull-finnemo.jpg
</logo_30x30>
<description>
aciklama
</description>
</channel>
<channel>
<title>
Hop 2011 Turkce Dublaj 
</title>
<stream_url>
http://www.filmifullizle.com/hop-2011-turkce-dublaj-izle-2.html
</stream_url>
<logo_30x30>
http://resim.filmifullizle.com/resimler/filmifull-hophop2011.jpg
</logo_30x30>
<description>
aciklama
</description>
</channel>
<channel>
<title>
Sevimli Kedi Is Basinda - Top Cat The Movie 2011 Turkce Dublaj 
</title>
<stream_url>
http://www.filmifullizle.com/sevimli-kedi-is-basinda-top-cat-the-movie-2011-turkce-dublaj-izle.html
</stream_url>
<logo_30x30>
http://resim.filmifullizle.com/resimler/filmifull-sevimliikdd.jpg
</logo_30x30>
<description>
aciklama
</description>
</channel>
<channel>
<title>
Scooby-Doo Korkunc Kamp - Scooby-Doo Camp Scare 2010 Turkce Dublaj 
</title>
<stream_url>
http://www.filmifullizle.com/scooby-doo-korkunc-kamp-scooby-doo-camp-scare-2010-turkce-dublaj-izle.html
</stream_url>
<logo_30x30>
http://resim.filmifullizle.com/resimler/filmifull-scoobysss.jpg
</logo_30x30>
<description>
aciklama
</description>
</channel>
<channel>
<title>
Superman vs The Elite 2012 Turkce Altyazili 
</title>
<stream_url>
http://www.filmifullizle.com/superman-vs-the-elite-2012-turkce-altyazili-izle.html
</stream_url>
<logo_30x30>
http://resim.filmifullizle.com/resimler/filmifull-supermantheelitee.jpg
</logo_30x30>
<description>
aciklama
</description>
</channel>
<channel>
<title>
Sokaklarin Krali Romeo - Roadside Romeo 2008 Turkce Dublaj 
</title>
<stream_url>
http://www.filmifullizle.com/sokaklarin-krali-romeo-roadside-romeo-2008-turkce-dublaj-izle.html
</stream_url>
<logo_30x30>
http://resim.filmifullizle.com/resimler/filmifull-sokaklarınkralıromeo.jpg
</logo_30x30>
<description>
aciklama
</description>
</channel>
<channel>
<title>
Milenyum Ejderi Efsanesi &amp; Onigamiden 2011 Turkce Dublaj 
</title>
<stream_url>
http://www.filmifullizle.com/milenyum-ejderi-efsanesi-onigamiden-2011-turkce-dublaj-izle.html
</stream_url>
<logo_30x30>
http://resim.filmifullizle.com/resimler/filmifull-mulanyimejder.jpg
</logo_30x30>
<description>
aciklama
</description>
</channel>
<channel>
<title>
Tarzan 720p HD 1999 Turkce Dublaj 
</title>
<stream_url>
http://www.filmifullizle.com/tarzan-720p-hd-1999-turkce-dublaj-izle.html
</stream_url>
<logo_30x30>
http://resim.filmifullizle.com/resimler/filmifull-tarzan1999.jpg
</logo_30x30>
<description>
aciklama
</description>
</channel>
<channel>
<title>
Robinson Ailesi - Meet the Robinsons 2007 Turkce Dublaj 
</title>
<stream_url>
http://www.filmifullizle.com/robinson-ailesi-meet-the-robinsons-2007-turkce-dublaj-izle.html
</stream_url>
<logo_30x30>
http://resim.filmifullizle.com/resimler/filmifull-robinsonailesi.jpg
</logo_30x30>
<description>
aciklama
</description>
</channel>
<channel>
<title>
Allah in Sadik Kulu Barla Filmi   2011
</title>
<stream_url>
http://www.filmifullizle.com/allah-in-sadik-kulu-barla-filmi-full-izle-2011.html
</stream_url>
<logo_30x30>
http://resim.filmifullizle.com/resimler/filmifull-allahınsadıkkulubarla.jpg
</logo_30x30>
<description>
aciklama
</description>
</channel>
<channel>
<title>
Max Maceralari Kralin Dogusu 2012 Turkce Dublaj 
</title>
<stream_url>
http://www.filmifullizle.com/max-maceralari-kralin-dogusu-2012-turkce-dublaj-izle.html
</stream_url>
<logo_30x30>
http://resim.filmifullizle.com/resimler/filmifull-maxkralındonusu.jpg
</logo_30x30>
<description>
aciklama
</description>
</channel>
<channel>
<title>
Asteriks ve Oburiks Gorevimiz Kleopatra - Asterix &amp; Obelix Mission Cleopatre 2002 Turkce Dublah 
</title>
<stream_url>
http://www.filmifullizle.com/asteriks-ve-oburiks-gorevimiz-kleopatra-asterix-obelix-mission-cleopatre-2002-turkce-dublah-izle.html
</stream_url>
<logo_30x30>
http://resim.filmifullizle.com/resimler/filmifull-Asterikscleopatre.jpg
</logo_30x30>
<description>
aciklama
</description>
</channel>
<channel>
<title>
Filmler Hakkinda Onemli Duyuru
</title>
<stream_url>
http://www.filmifullizle.com/filmler-hakkinda-onemli-duyuru.html
</stream_url>
<logo_30x30>
http://resim.filmifullizle.com/resimler/filmifull-duyuru2.jpg
</logo_30x30>
<description>
aciklama
</description>
</channel>
<channel>
<title>
Gezegen 51 - Planet 51 2009 Turkce Dublaj 
</title>
<stream_url>
http://www.filmifullizle.com/gezegen-51-planet-51-2009-turkce-dublaj-izle.html
</stream_url>
<logo_30x30>
http://resim.filmifullizle.com/resimler/filmifull-gezegen51.jpg
</logo_30x30>
<description>
aciklama
</description>
</channel>
<channel>
<title>
Asiricilar &amp; Kari gurashi no Arietti 2010 Turkce Dublaj 
</title>
<stream_url>
http://www.filmifullizle.com/asiricilar-kari-gurashi-no-arietti-2010-turkce-dublaj-izle.html
</stream_url>
<logo_30x30>
http://resim.filmifullizle.com/resimler/filmifull-asırıcılarr.jpg
</logo_30x30>
<description>
aciklama
</description>
</channel>
<channel>
<title>
Scooby Doo Abracadabra Doo 2010 Turkce Dublaj 
</title>
<stream_url>
http://www.filmifullizle.com/scooby-doo-abracadabra-doo-2010-turkce-dublaj-izle.html
</stream_url>
<logo_30x30>
http://resim.filmifullizle.com/resimler/filmifull-scoobyzfz.jpg
</logo_30x30>
<description>
aciklama
</description>
</channel>
</liste>
