<?xml version="1.0" encoding="utf-8"?>
<liste>
<channel>
<title>
Havada Olum - Hindenburg 2011 Turkce Dublaj 
</title>
<stream_url>
http://www.filmifullizle.com/havada-olum-hindenburg-2011-turkce-dublaj-izle.html
</stream_url>
<logo_30x30>
http://resim.filmifullizle.com/resimler/filmifull-havadaolumm.jpg
</logo_30x30>
<description>
aciklama
</description>
</channel>
<channel>
<title>
Ozgur Adamlar - Les hommes libres 2011 Turkce Dublaj 
</title>
<stream_url>
http://www.filmifullizle.com/ozgur-adamlar-les-hommes-libres-2011-turkce-dublaj-izle.html
</stream_url>
<logo_30x30>
http://resim.filmifullizle.com/resimler/filmifull-ozguradamlarr.jpg
</logo_30x30>
<description>
aciklama
</description>
</channel>
<channel>
<title>
Hick 2011 Turkce Altyazili 
</title>
<stream_url>
http://www.filmifullizle.com/hick-2011-turkce-altyazili-izle.html
</stream_url>
<logo_30x30>
http://resim.filmifullizle.com/resimler/filmifull-hick.jpg
</logo_30x30>
<description>
aciklama
</description>
</channel>
<channel>
<title>
Karanligin Gozleri &amp; Beul-la-in-deu 2011 Turkce Dublaj 
</title>
<stream_url>
http://www.filmifullizle.com/karanligin-gozleri-beul-la-in-deu-2011-turkce-dublaj-izle.html
</stream_url>
<logo_30x30>
http://resim.filmifullizle.com/resimler/filmifull-karanlıgıngozlerı.jpg
</logo_30x30>
<description>
aciklama
</description>
</channel>
<channel>
<title>
Kibar Soyguncu &amp; Edwin Boyd 2011 Turkce Dublaj 
</title>
<stream_url>
http://www.filmifullizle.com/kibar-soyguncu-edwin-boyd-2011-turkce-dublaj-izle.html
</stream_url>
<logo_30x30>
http://resim.filmifullizle.com/resimler/filmifull-kibarsoyguncu.jpg
</logo_30x30>
<description>
aciklama
</description>
</channel>
<channel>
<title>
Hizmetkar Albert Nobbs &amp; Albert Nobbs 2011 Turkce Dublaj 
</title>
<stream_url>
http://www.filmifullizle.com/hizmetkar-albert-nobbs-albert-nobbs-2011-turkce-dublaj-izle.html
</stream_url>
<logo_30x30>
http://resim.filmifullizle.com/resimler/filmifull-hizmerkaralbert.jpg
</logo_30x30>
<description>
aciklama
</description>
</channel>
<channel>
<title>
Sevgililer - The Beloved 2011 Turkce Dublaj 
</title>
<stream_url>
http://www.filmifullizle.com/sevgililer-the-beloved-2011-turkce-dublaj-izle.html
</stream_url>
<logo_30x30>
http://resim.filmifullizle.com/resimler/filmifull-sevgililerr.jpg
</logo_30x30>
<description>
aciklama
</description>
</channel>
<channel>
<title>
Ave 2011 Turkce Dublaj 
</title>
<stream_url>
http://www.filmifullizle.com/ave-2011-turkce-dublaj-izle.html
</stream_url>
<logo_30x30>
http://resim.filmifullizle.com/resimler/filmifull-ave.jpg
</logo_30x30>
<description>
aciklama
</description>
</channel>
<channel>
<title>
Olum Yolculugu &amp; Apollo 18 - 2011 Turkce Dublaj 
</title>
<stream_url>
http://www.filmifullizle.com/olum-yolculugu-apollo-18-2011-turkce-dublaj-izle.html
</stream_url>
<logo_30x30>
http://resim.filmifullizle.com/resimler/filmifull-apollo1818.jpg
</logo_30x30>
<description>
aciklama
</description>
</channel>
<channel>
<title>
Olumun Sesi - Babycall 2011 Turkce Dublaj 
</title>
<stream_url>
http://www.filmifullizle.com/olumun-sesi-babycall-2011-turkce-dublaj-izle.html
</stream_url>
<logo_30x30>
http://resim.filmifullizle.com/resimler/filmifull-olumunsesibabycall.jpg
</logo_30x30>
<description>
aciklama
</description>
</channel>
<channel>
<title>
Skor Sifir - The Inbetweeners Movie 2011 Turkce Dublaj 
</title>
<stream_url>
http://www.filmifullizle.com/skor-sifir-the-inbetweeners-movie-2011-turkce-dublaj-izle.html
</stream_url>
<logo_30x30>
http://resim.filmifullizle.com/resimler/filmifull-skorsıfır.jpg
</logo_30x30>
<description>
aciklama
</description>
</channel>
<channel>
<title>
Atlantis 2011 Turkce Dublaj 
</title>
<stream_url>
http://www.filmifullizle.com/atlantis-2011-turkce-dublaj-izle.html
</stream_url>
<logo_30x30>
http://resim.filmifullizle.com/resimler/filmifull-atlantisen.jpg
</logo_30x30>
<description>
aciklama
</description>
</channel>
<channel>
<title>
Khodorkovsky 2011 Turkce Dublaj 
</title>
<stream_url>
http://www.filmifullizle.com/khodorkovsky-2011-turkce-dublaj-izle.html
</stream_url>
<logo_30x30>
http://resim.filmifullizle.com/resimler/filmifull-Khodorkovsky.jpg
</logo_30x30>
<description>
aciklama
</description>
</channel>
<channel>
<title>
Baris Sevgi Yanlis Anlamalar - Peace Love &amp; Misunderstanding 2011 Turkce Dublaj 
</title>
<stream_url>
http://www.filmifullizle.com/baris-sevgi-yanlis-anlamalar-peace-love-misunderstanding-2011-turkce-dublaj-izle.html
</stream_url>
<logo_30x30>
http://resim.filmifullizle.com/resimler/filmifull-barıssevgıyanlısanlamalar.jpg
</logo_30x30>
<description>
aciklama
</description>
</channel>
<channel>
<title>
uzerimizdeki Gokyuzu - uber uns das All 2011 Turkce Dublaj 
</title>
<stream_url>
http://www.filmifullizle.com/uzerimizdeki-gokyuzu-uber-uns-das-all-2011-turkce-dublaj-izle.html
</stream_url>
<logo_30x30>
http://resim.filmifullizle.com/resimler/filmifull-uzerımızdekıgokyuzu.jpg
</logo_30x30>
<description>
aciklama
</description>
</channel>
<channel>
<title>
Sound Of My Voice 2011 Turkce Altyazili 
</title>
<stream_url>
http://www.filmifullizle.com/sound-of-my-voice-2011-turkce-altyazili-izle.html
</stream_url>
<logo_30x30>
http://resim.filmifullizle.com/resimler/filmifull-SoundOf.jpg
</logo_30x30>
<description>
aciklama
</description>
</channel>
<channel>
<title>
Isyan - Rebellion 2011 Turkce Altyazili 
</title>
<stream_url>
http://www.filmifullizle.com/isyan-rebellion-2911-turkce-altyazili-izle.html
</stream_url>
<logo_30x30>
http://resim.filmifullizle.com/resimler/filmifull-isyannnn.jpg
</logo_30x30>
<description>
aciklama
</description>
</channel>
<channel>
<title>
Muzik Asla Durmaz - The Music Never Stopped 2011 Turkce Dublaj 
</title>
<stream_url>
http://www.filmifullizle.com/muzik-asla-durmaz-the-music-never-stopped-2011-turkce-dublaj-izle.html
</stream_url>
<logo_30x30>
http://resim.filmifullizle.com/resimler/filmifull-muzıkaslaolmaz.jpg
</logo_30x30>
<description>
aciklama
</description>
</channel>
<channel>
<title>
Kayip Genclik &amp; Wasted Youth 2011 Turkce Dublaj 
</title>
<stream_url>
http://www.filmifullizle.com/kayip-genclik-wasted-youth-2011-turkce-dublaj-izle.html
</stream_url>
<logo_30x30>
http://resim.filmifullizle.com/resimler/filmifull-kayıpgenclikk.jpg
</logo_30x30>
<description>
aciklama
</description>
</channel>
<channel>
<title>
Albatross 2011 Turkce Dublaj 
</title>
<stream_url>
http://www.filmifullizle.com/albatross-2011-turkce-dublaj-izle.html
</stream_url>
<logo_30x30>
http://resim.filmifullizle.com/resimler/filmifull-albatross.jpg
</logo_30x30>
<description>
aciklama
</description>
</channel>
<channel>
<title>
Aramizda Bebek Var - A Happy Event 2011 Turkce Dublaj 
</title>
<stream_url>
http://www.filmifullizle.com/aramizda-bebek-var-a-happy-event-2011-turkce-dublaj-izle.html
</stream_url>
<logo_30x30>
http://resim.filmifullizle.com/resimler/filmifull-aramızdabebekvar.jpg
</logo_30x30>
<description>
aciklama
</description>
</channel>
<channel>
<title>
Buzlar uzerinde - On the Ice 2011 Turkce Altyazili 
</title>
<stream_url>
http://www.filmifullizle.com/buzlar-uzerinde-on-the-ice-2011-turkce-altyazili-izle.html
</stream_url>
<logo_30x30>
http://resim.filmifullizle.com/resimler/filmifull-buzlaruzerındee.jpg
</logo_30x30>
<description>
aciklama
</description>
</channel>
<channel>
<title>
Buyulu Pabuclar &amp; Die zertanzten Schuhe 2011 Turkce Dublaj 
</title>
<stream_url>
http://www.filmifullizle.com/buyulu-pabuclar-die-zertanzten-schuhe-2011-turkce-dublah-izle.html
</stream_url>
<logo_30x30>
http://resim.filmifullizle.com/resimler/filmifull-buyulupabuc.jpg
</logo_30x30>
<description>
aciklama
</description>
</channel>
<channel>
<title>
Senin Icin - Restless 2011 Turkce Dublaj 
</title>
<stream_url>
http://www.filmifullizle.com/senin-icin-restless-2011-turkce-dublaj-izle.html
</stream_url>
<logo_30x30>
http://resim.filmifullizle.com/resimler/filmifull-seninicinn.jpg
</logo_30x30>
<description>
aciklama
</description>
</channel>
<channel>
<title>
Obur Dunyadan - The Awakening 2011 Turkce Dublaj 
</title>
<stream_url>
http://www.filmifullizle.com/obur-dunyadan-the-awakening-2011-turkce-dublaj-izle.html
</stream_url>
<logo_30x30>
http://resim.filmifullizle.com/resimler/filmifull-oburdunyadan.jpg
</logo_30x30>
<description>
aciklama
</description>
</channel>
<channel>
<title>
Gokten Bir Uydu Dustu - Le Skylab 2011 Turkce Altyazili 
</title>
<stream_url>
http://www.filmifullizle.com/gokten-bir-uydu-dustu-le-skylab-2011-turkce-altyazili-izle.html
</stream_url>
<logo_30x30>
http://resim.filmifullizle.com/resimler/filmifull-goktenbiruydu.jpg
</logo_30x30>
<description>
aciklama
</description>
</channel>
<channel>
<title>
Bernie nin Sucu Ne? - Bernie 2011 Turkce Altyazili 
</title>
<stream_url>
http://www.filmifullizle.com/bernie-nin-sucu-ne-bernie-2011-turkce-altyazili-izle.html
</stream_url>
<logo_30x30>
http://resim.filmifullizle.com/resimler/filmifull-bernie.jpg
</logo_30x30>
<description>
aciklama
</description>
</channel>
<channel>
<title>
Can Dostum - Intouchables 2011 Turkce Dublaj 
</title>
<stream_url>
http://www.filmifullizle.com/can-dostum-intouchables-2011-turkce-dublaj-izle.html
</stream_url>
<logo_30x30>
http://resim.filmifullizle.com/resimler/filmifull-candostumm.jpg
</logo_30x30>
<description>
aciklama
</description>
</channel>
</liste>
