<?xml version="1.0" encoding="utf-8"?>
<liste>
<channel>
<title>
Kovboy - Kauwboy 2012 Turkce Altyazili 
</title>
<stream_url>
http://www.filmifullizle.com/kovboy-kauwboy-2012-turkce-altyazili-izle.html
</stream_url>
<logo_30x30>
http://resim.filmifullizle.com/resimler/filmifull-kovboyy.jpg
</logo_30x30>
<description>
aciklama
</description>
</channel>
<channel>
<title>
Su Ati Derinlerin Efsanesi - The Water Horse 2007 Turkce Dublaj 
</title>
<stream_url>
http://www.filmifullizle.com/su-ati-derinlerin-efsanesi-the-water-horse-2007-turkce-dublaj-izle.html
</stream_url>
<logo_30x30>
http://resim.filmifullizle.com/resimler/filmifull-suatıderinlerinefsanesi.jpg
</logo_30x30>
<description>
aciklama
</description>
</channel>
<channel>
<title>
Tom ve Jerry Korsanlar Arasinda 2006 Turkce Dublaj 
</title>
<stream_url>
http://www.filmifullizle.com/tom-ve-jerry-korsanlar-arasinda-2006-turkce-dublaj-izle.html
</stream_url>
<logo_30x30>
http://resim.filmifullizle.com/resimler/filmifull-jeerykorsanlar.jpg
</logo_30x30>
<description>
aciklama
</description>
</channel>
<channel>
<title>
Tom ve Jerry Sherlock Holmes le Tanisiyor - Tom and Jerry Meet Sherlock Holmes 2010 Turkce Dublaj 
</title>
<stream_url>
http://www.filmifullizle.com/tom-ve-jerry-sherlock-holmes-le-tanisiyor-tom-and-jerry-meet-sherlock-holmes-2010-turkce-dublaj-izle.html
</stream_url>
<logo_30x30>
http://resim.filmifullizle.com/resimler/filmifull-tomjerrysherlock.jpg
</logo_30x30>
<description>
aciklama
</description>
</channel>
<channel>
<title>
Buyulu Pabuclar &amp; Die zertanzten Schuhe 2011 Turkce Dublaj 
</title>
<stream_url>
http://www.filmifullizle.com/buyulu-pabuclar-die-zertanzten-schuhe-2011-turkce-dublah-izle.html
</stream_url>
<logo_30x30>
http://resim.filmifullizle.com/resimler/filmifull-buyulupabuc.jpg
</logo_30x30>
<description>
aciklama
</description>
</channel>
<channel>
<title>
Sisman Dik - Dik Trom 2010 Turkce Dublaj 
</title>
<stream_url>
http://www.filmifullizle.com/sisman-dik-dik-trom-2010-turkce-dublaj-izle.html
</stream_url>
<logo_30x30>
http://resim.filmifullizle.com/resimler/filmifull-dikkk.jpg
</logo_30x30>
<description>
aciklama
</description>
</channel>
<channel>
<title>
Meryem Ana Hz. Isa nin Dogusu - The Nativity Story 2006 Turkce Dublaj 
</title>
<stream_url>
http://www.filmifullizle.com/meryem-ana-hz-isanin-dogusu-the-nativity-story-2006-turkce-dublaj-izle.html
</stream_url>
<logo_30x30>
http://resim.filmifullizle.com/resimler/filmifull-meryemanahzisa.jpg
</logo_30x30>
<description>
aciklama
</description>
</channel>
<channel>
<title>
Barbie - Prenses &amp; Pop Star 2012 Turkce Dublaj 
</title>
<stream_url>
http://www.filmifullizle.com/barbie-prenses-pop-star-2012-turkce-dublaj-izle.html
</stream_url>
<logo_30x30>
http://resim.filmifullizle.com/resimler/filmifull-barbipopstar.jpg
</logo_30x30>
<description>
aciklama
</description>
</channel>
<channel>
<title>
Buyulu Krallik &amp; La cle des champs 2011 Turkce Dublaj 
</title>
<stream_url>
http://www.filmifullizle.com/buyulu-krallik-la-cle-des-champs-2011-turkce-dublaj-izle.html
</stream_url>
<logo_30x30>
http://resim.filmifullizle.com/resimler/filmifull-buyulukrallık.jpg
</logo_30x30>
<description>
aciklama
</description>
</channel>
<channel>
<title>
Sifali Eller - Healing Hands 2010 Turkce Dublaj 
</title>
<stream_url>
http://www.filmifullizle.com/sifali-eller-healing-hands-2010-turkce-dublaj-izle.html
</stream_url>
<logo_30x30>
http://resim.filmifullizle.com/resimler/filmifull-sifalıellerr.jpg
</logo_30x30>
<description>
aciklama
</description>
</channel>
<channel>
<title>
Surusune Bereket 2 - Cheaper By The Dozen 2 2005  Turkce Dublaj 
</title>
<stream_url>
http://www.filmifullizle.com/surusune-bereket-2-cheaper-by-the-dozen-2-2005-turkce-dublaj-izle.html
</stream_url>
<logo_30x30>
http://resim.filmifullizle.com/resimler/filmifull-surusune22.jpg
</logo_30x30>
<description>
aciklama
</description>
</channel>
<channel>
<title>
Surusune Bereket - Cheaper By The Dozen 2004  Turkce Dublaj 
</title>
<stream_url>
http://www.filmifullizle.com/surusune-bereket-cheaper-by-the-dozen-2004-turkce-dublaj-izle.html
</stream_url>
<logo_30x30>
http://resim.filmifullizle.com/resimler/filmifull-surusunebereket1.jpg
</logo_30x30>
<description>
aciklama
</description>
</channel>
<channel>
<title>
Salla Onu - Rock It ? 2010 Turkce Dublaj 
</title>
<stream_url>
http://www.filmifullizle.com/salla-onu-rock-it-2010-turkce-dublaj-izle.html
</stream_url>
<logo_30x30>
http://resim.filmifullizle.com/resimler/filmifull-sallaonuu.jpg
</logo_30x30>
<description>
aciklama
</description>
</channel>
<channel>
<title>
Cilgin Kuslar &amp; Plumiferos - Aventuras voladoras 2010 Turkce Dublaj 
</title>
<stream_url>
http://www.filmifullizle.com/cilgin-kuslar-plumiferos-aventuras-voladoras-2010-turkce-dublaj-izle.html
</stream_url>
<logo_30x30>
http://resim.filmifullizle.com/resimler/filmifull-cılgınkuslarr.jpg
</logo_30x30>
<description>
aciklama
</description>
</channel>
<channel>
<title>
Hop 2011 Turkce Dublaj 
</title>
<stream_url>
http://www.filmifullizle.com/hop-2011-turkce-dublaj-izle-2.html
</stream_url>
<logo_30x30>
http://resim.filmifullizle.com/resimler/filmifull-hophop2011.jpg
</logo_30x30>
<description>
aciklama
</description>
</channel>
<channel>
<title>
Jorinde ile Joringel &amp; Jorinde und Joringel 2011 Turkce Dublaj 
</title>
<stream_url>
http://www.filmifullizle.com/jorinde-ile-joringel-jorinde-und-joringel-2011-turkce-dublaj-izle.html
</stream_url>
<logo_30x30>
http://resim.filmifullizle.com/resimler/filmifull-jorinn.jpg
</logo_30x30>
<description>
aciklama
</description>
</channel>
<channel>
<title>
Agacsiz Dag &amp; Treeless Mountain 2008 Turkce Dublaj 
</title>
<stream_url>
http://www.filmifullizle.com/agacsiz-dag-treeless-mountain-2008-turkce-dublaj-izle.html
</stream_url>
<logo_30x30>
http://resim.filmifullizle.com/resimler/filmifull-agacsızdagg.jpg
</logo_30x30>
<description>
aciklama
</description>
</channel>
<channel>
<title>
Flicka 3 Ruzgar Gibi - Flicka 3 Country Pride 2012 Turkce Dublaj 
</title>
<stream_url>
http://www.filmifullizle.com/flicka-3-ruzgar-gibi-flicka-3-country-pride-2012-turkce-dublaj-izle.html
</stream_url>
<logo_30x30>
http://resim.filmifullizle.com/resimler/filmifull-flickaa.jpg
</logo_30x30>
<description>
aciklama
</description>
</channel>
<channel>
<title>
Sokaklarin Krali Romeo - Roadside Romeo 2008 Turkce Dublaj 
</title>
<stream_url>
http://www.filmifullizle.com/sokaklarin-krali-romeo-roadside-romeo-2008-turkce-dublaj-izle.html
</stream_url>
<logo_30x30>
http://resim.filmifullizle.com/resimler/filmifull-sokaklarınkralıromeo.jpg
</logo_30x30>
<description>
aciklama
</description>
</channel>
<channel>
<title>
Tarzan 720p HD 1999 Turkce Dublaj 
</title>
<stream_url>
http://www.filmifullizle.com/tarzan-720p-hd-1999-turkce-dublaj-izle.html
</stream_url>
<logo_30x30>
http://resim.filmifullizle.com/resimler/filmifull-tarzan1999.jpg
</logo_30x30>
<description>
aciklama
</description>
</channel>
<channel>
<title>
Beyaz Aslan - White Lion 2010 Turkce Dublaj 
</title>
<stream_url>
http://www.filmifullizle.com/beyaz-aslan-white-lion-2010-turkce-dublaj-izle.html
</stream_url>
<logo_30x30>
http://resim.filmifullizle.com/resimler/filmifull-beyazaslan.jpg
</logo_30x30>
<description>
aciklama
</description>
</channel>
<channel>
<title>
Dilek Masasi &amp; Tischlein deck dich 2008 Turkce Dublaj 
</title>
<stream_url>
http://www.filmifullizle.com/dilek-masasi-tischlein-deck-dich-2008-turkce-dublaj-izle.html
</stream_url>
<logo_30x30>
http://resim.filmifullizle.com/resimler/filmifull-dilekmasasıı.jpg
</logo_30x30>
<description>
aciklama
</description>
</channel>
<channel>
<title>
Uyuyan Guzel &amp; Dornroschen 2009 Turkce Dublaj 
</title>
<stream_url>
http://www.filmifullizle.com/uyuyan-guzel-dornroschen-2009-turkce-dublaj-izle.html
</stream_url>
<logo_30x30>
http://resim.filmifullizle.com/resimler/filmifull-uyuyanguzell.jpg
</logo_30x30>
<description>
aciklama
</description>
</channel>
<channel>
<title>
Max Maceralari Kralin Dogusu 2012 Turkce Dublaj 
</title>
<stream_url>
http://www.filmifullizle.com/max-maceralari-kralin-dogusu-2012-turkce-dublaj-izle.html
</stream_url>
<logo_30x30>
http://resim.filmifullizle.com/resimler/filmifull-maxkralındonusu.jpg
</logo_30x30>
<description>
aciklama
</description>
</channel>
<channel>
<title>
Asteriks ve Oburiks Gorevimiz Kleopatra - Asterix &amp; Obelix Mission Cleopatre 2002 Turkce Dublah 
</title>
<stream_url>
http://www.filmifullizle.com/asteriks-ve-oburiks-gorevimiz-kleopatra-asterix-obelix-mission-cleopatre-2002-turkce-dublah-izle.html
</stream_url>
<logo_30x30>
http://resim.filmifullizle.com/resimler/filmifull-Asterikscleopatre.jpg
</logo_30x30>
<description>
aciklama
</description>
</channel>
<channel>
<title>
Filmler Hakkinda Onemli Duyuru
</title>
<stream_url>
http://www.filmifullizle.com/filmler-hakkinda-onemli-duyuru.html
</stream_url>
<logo_30x30>
http://resim.filmifullizle.com/resimler/filmifull-duyuru2.jpg
</logo_30x30>
<description>
aciklama
</description>
</channel>
<channel>
<title>
Mr.Bean Tatilde - Mr.Beans Holiday 2007 Turkce Dublaj 
</title>
<stream_url>
http://www.filmifullizle.com/mr-bean-tatilde-mr-beans-holiday-2007-turkce-dublaj-izle.html
</stream_url>
<logo_30x30>
http://resim.filmifullizle.com/resimler/filmifull-mrbeantatilde.jpg
</logo_30x30>
<description>
aciklama
</description>
</channel>
<channel>
<title>
The Muppets - 2011 Turkce Dublaj 
</title>
<stream_url>
http://www.filmifullizle.com/the-muppets-2011-turkce-dublaj-izle.html
</stream_url>
<logo_30x30>
http://resim.filmifullizle.com/resimler/filmifull-TheMuppets.jpg
</logo_30x30>
<description>
aciklama
</description>
</channel>
</liste>
