<?xml version="1.0" encoding="utf-8"?>
<liste>
<channel>
<title>
Fetih 1453 2012 
</title>
<stream_url>
http://www.filmifullizle.com/fetih-1453-2012-izle.html
</stream_url>
<logo_30x30>
http://e1207.hizliresim.com/z/z/b92nq.jpg
</logo_30x30>
<description>
aciklama
</description>
</channel>
<channel>
<title>
Allah in Sadik Kulu Barla Filmi   2011
</title>
<stream_url>
http://www.filmifullizle.com/allah-in-sadik-kulu-barla-filmi-full-izle-2011.html
</stream_url>
<logo_30x30>
http://resim.filmifullizle.com/resimler/filmifull-allahınsadıkkulubarla.jpg
</logo_30x30>
<description>
aciklama
</description>
</channel>
<channel>
<title>
Cizmeli Kedi &amp; Puss in Boots 2011 Turkce Altyazili 
</title>
<stream_url>
http://www.filmifullizle.com/cizmeli-kedi-puss-in-boots-2011-turkce-altyazili-izle.html
</stream_url>
<logo_30x30>
http://resim.filmifullizle.com/resimler/filmifull-cizmelikedi.jpg
</logo_30x30>
<description>
aciklama
</description>
</channel>
<channel>
<title>
Kirmizi Baslikli Kiz Kotulere Karsi - Hoodwinked 2 Hood Vs. Evil 2010 Turkce Dublaj 
</title>
<stream_url>
http://www.filmifullizle.com/kirmizi-baslikli-kiz-kotulere-karsi-hoodwinked-2-hood-vs-evil-2010-turkce-dublaj-izle.html
</stream_url>
<logo_30x30>
http://resim.filmifullizle.com/resimler/filmifull-kırmızıkotu.jpg
</logo_30x30>
<description>
aciklama
</description>
</channel>
<channel>
<title>
Sirinler - Smurfs 2011 Turkce dublaj 
</title>
<stream_url>
http://www.filmifullizle.com/sirinler-smurfs-2011-turkce-dublaj-izle.html
</stream_url>
<logo_30x30>
http://resim.filmifullizle.com/foto/LDP9.jpg
</logo_30x30>
<description>
aciklama
</description>
</channel>
<channel>
<title>
Kirmizi Baslikli Kiz Kotulere Karsi 2011 Turkce Dublaj 
</title>
<stream_url>
http://www.filmifullizle.com/kirmizi-baslikli-kiz-kotulere-karsi-2011-turkce-dublaj-izle.html
</stream_url>
<logo_30x30>
http://resim.filmifullizle.com/resimler/filmifull-kırmızıbaslıklı.jpg
</logo_30x30>
<description>
aciklama
</description>
</channel>
<channel>
<title>
Jackass 3-D Film  |Turkce Dublaj|
</title>
<stream_url>
http://www.filmifullizle.com/jackass-3-d-film-izle.html
</stream_url>
<logo_30x30>
http://resim.filmifullizle.com/foto/jackass_3d_poster_03-210x300.jpg
</logo_30x30>
<description>
aciklama
</description>
</channel>
<channel>
<title>
Kutsal Savasci - Priest 2011 |Turkce Dublaj| Izle
</title>
<stream_url>
http://www.filmifullizle.com/kutsal-savasci-priest-2011-turkce-dublaj-izle.html
</stream_url>
<logo_30x30>
http://resim.filmifullizle.com/foto/kutsalsavasci.jpg
</logo_30x30>
<description>
aciklama
</description>
</channel>
<channel>
<title>
Transformers 3 - Transformers: The Dark of the Moon 
</title>
<stream_url>
http://www.filmifullizle.com/transformers-3-transformers-the-dark-of-the-moon-izle.html
</stream_url>
<logo_30x30>
http://resim.filmifullizle.com/foto//trans-211x300.jpg
</logo_30x30>
<description>
aciklama
</description>
</channel>
<channel>
<title>
Harry Potter Ve Olum Yadigarlari Bolum 2 |Turkce Altyazili| 
</title>
<stream_url>
http://www.filmifullizle.com/harry-potter-ve-olum-yadigarlari-bolum-2-turkce-altyazili-izle.html
</stream_url>
<logo_30x30>
http://resim.filmifullizle.com/foto/harrypotte-187x300.jpg
</logo_30x30>
<description>
aciklama
</description>
</channel>
<channel>
<title>
Harry Potter Ve Olum Yadigarlari Bolum 2 Filmi  Turkce Izle
</title>
<stream_url>
http://www.filmifullizle.com/harry-potter-ve-olum-yadigarlari-bolum-2-filmi-full-turkce-izle.html
</stream_url>
<logo_30x30>
http://resim.filmifullizle.com/foto/part2-200x300.jpg
</logo_30x30>
<description>
aciklama
</description>
</channel>
<channel>
<title>
Sammy nin Maceralari Filmi |Turkce Dublaj| Izle
</title>
<stream_url>
http://www.filmifullizle.com/sammy-nin-maceralari-filmi-turkce-dublaj-izle.html
</stream_url>
<logo_30x30>
http://resim.filmifullizle.com/foto/sammy-nin-maceralari-208x300.jpg
</logo_30x30>
<description>
aciklama
</description>
</channel>
<channel>
<title>
Sevimli Cuceler Cino ve Julyet - Gnomeo And Juliet 2011 Film 
</title>
<stream_url>
http://www.filmifullizle.com/sevimli-cuceler-cino-ve-julyet-gnomeo-and-juliet-2011-film-izle.html
</stream_url>
<logo_30x30>
http://resim.filmifullizle.com/foto//gnomeojgj-209x300.jpg
</logo_30x30>
<description>
aciklama
</description>
</channel>
<channel>
<title>
Kutsal Savasci - Priest 2011 Film 
</title>
<stream_url>
http://www.filmifullizle.com/kutsal-savasci-priest-2011-film-izle.html
</stream_url>
<logo_30x30>
http://resim.filmifullizle.com/foto/kutsalsava-208x300.jpg
</logo_30x30>
<description>
aciklama
</description>
</channel>
<channel>
<title>
Sokak Dansi 3D 2010 Filmi 
</title>
<stream_url>
http://www.filmifullizle.com/sokak-dansi-3d-2010-filmi-izle.html
</stream_url>
<logo_30x30>
http://resim.filmifullizle.com/foto/sokak-215x300.jpg
</logo_30x30>
<description>
aciklama
</description>
</channel>
<channel>
<title>
Avatar Filmi  
</title>
<stream_url>
http://www.filmifullizle.com/avatar-filmi-full-izle.html
</stream_url>
<logo_30x30>
http://img01.imgsinemalar.com/images/afis_buyuk/a/Avatar-1280493743.jpg
</logo_30x30>
<description>
aciklama
</description>
</channel>
<channel>
<title>
Kediler ve Kopekler 2 : Kitty Galore un Intikami Film  |Turkce Dublaj|
</title>
<stream_url>
http://www.filmifullizle.com/kediler-ve-kopekler-2-kitty-galore%e2%80%99un-intikami-film-izle-turkce-dublaj.html
</stream_url>
<logo_30x30>
http://resim.filmifullizle.com/foto//kediler-204x300.jpg
</logo_30x30>
<description>
aciklama
</description>
</channel>
</liste>
