<?xml version="1.0" encoding="utf-8"?>
<liste>
<channel>
<title>
Duyuru 26 Nisan 2012
</title>
<stream_url>
http://www.filmifullizle.com/onemli-duyuru.html
</stream_url>
<logo_30x30>
http://resim.filmifullizle.com/resimler/filmifull-duyuru2.jpg
</logo_30x30>
<description>
aciklama
</description>
</channel>
<channel>
<title>
Zindan Adasi - Shutter Island Film  |Turkce Dublaj|
</title>
<stream_url>
http://www.filmifullizle.com/zindan-adasi-shutter-island-film-izle-turkce-dublaj.html
</stream_url>
<logo_30x30>
http://resim.filmifullizle.com/foto/zindan-adasi-film-izle-207x300.jpg
</logo_30x30>
<description>
aciklama
</description>
</channel>
<channel>
<title>
Yuregine Sor 2010 Yerli Film 
</title>
<stream_url>
http://www.filmifullizle.com/yuregine-sor-2010-yerli-film-izle.html
</stream_url>
<logo_30x30>
http://resim.filmifullizle.com/foto/yuregine-sor-212x300.jpg
</logo_30x30>
<description>
aciklama
</description>
</channel>
<channel>
<title>
Justin Bieber: Never Say Never  2011 Turkce Dublaj 
</title>
<stream_url>
http://www.filmifullizle.com/justin-bieber-never-say-never-2011-turkce-dublaj-izle.html
</stream_url>
<logo_30x30>
http://resim.filmifullizle.com/foto/1702443.jpg
</logo_30x30>
<description>
aciklama
</description>
</channel>
<channel>
<title>
Morgen Filmi 
</title>
<stream_url>
http://www.filmifullizle.com/morgen-filmi-izle.html
</stream_url>
<logo_30x30>
http://resim.filmifullizle.com/foto/morgen-209x300.jpg
</logo_30x30>
<description>
aciklama
</description>
</channel>
<channel>
<title>
Cesur Yurek - Braveheart Filmi  
</title>
<stream_url>
http://www.filmifullizle.com/cesur-yurek-braveheart-filmi-full-izle.html
</stream_url>
<logo_30x30>
http://img01.imgsinemalar.com/images/afis_buyuk/c/Cesur-Yurek.jpg
</logo_30x30>
<description>
aciklama
</description>
</channel>
<channel>
<title>
Durdurulamaz - Unstoppable 2010 |Turkce Dublaj| Izle
</title>
<stream_url>
http://www.filmifullizle.com/durdurulamaz-unstoppable-2010-turkce-dublaj-izle.html
</stream_url>
<logo_30x30>
http://resim.filmifullizle.com/foto//Durdurulamaz-1288874892.jpg
</logo_30x30>
<description>
aciklama
</description>
</channel>
<channel>
<title>
Dovus Kulubu - Fight Club Filmi  
</title>
<stream_url>
http://www.filmifullizle.com/dovus-kulubu-fight-club-filmi-full-izle.html
</stream_url>
<logo_30x30>
http://img01.imgsinemalar.com/images/afis_buyuk/d/Dovus-Kulubu.jpg
</logo_30x30>
<description>
aciklama
</description>
</channel>
<channel>
<title>
Prestij - The Prestige Filmi  
</title>
<stream_url>
http://www.filmifullizle.com/prestij-the-prestige-filmi-full-izle.html
</stream_url>
<logo_30x30>
http://img01.imgsinemalar.com/images/afis_buyuk/p/Prestij.jpg
</logo_30x30>
<description>
aciklama
</description>
</channel>
</liste>
