<?xml version="1.0" encoding="utf-8"?>
<liste>
<channel>
<title>
En Vahsi Avcilar 05 - Dehset Gecesi Turkce Dublaj 
</title>
<stream_url>
http://www.filmifullizle.com/en-vahsi-avcilar-05-dehset-gecesi-turkce-dublaj-izle.html
</stream_url>
<logo_30x30>
http://resim.filmifullizle.com/resimler/filmifull-envahsıdehset.jpg
</logo_30x30>
<description>
aciklama
</description>
</channel>
<channel>
<title>
Khodorkovsky 2011 Turkce Dublaj 
</title>
<stream_url>
http://www.filmifullizle.com/khodorkovsky-2011-turkce-dublaj-izle.html
</stream_url>
<logo_30x30>
http://resim.filmifullizle.com/resimler/filmifull-Khodorkovsky.jpg
</logo_30x30>
<description>
aciklama
</description>
</channel>
<channel>
<title>
Derinlerde Kum ve Ormanlardaki Yasam &amp; Kingdom of the Sands 2012 Turkce Dublaj 
</title>
<stream_url>
http://www.filmifullizle.com/derinlerde-kum-ve-ormanlardaki-yasam-kingdom-of-the-sands-2012-turkce-dublaj-izle.html
</stream_url>
<logo_30x30>
http://resim.filmifullizle.com/resimler/filmifull-okyonuskrallıgı.jpg
</logo_30x30>
<description>
aciklama
</description>
</channel>
<channel>
<title>
En Vahsi Avcilar 04 - Vahsi Kedilerle Yasam Turkce Dublaj 
</title>
<stream_url>
http://www.filmifullizle.com/en-vahsi-avcilar-04-vahsi-kedilerle-yasam-turkce-dublaj-izle.html
</stream_url>
<logo_30x30>
http://resim.filmifullizle.com/resimler/filmifull-vahsikedileryasamm.jpg
</logo_30x30>
<description>
aciklama
</description>
</channel>
<channel>
<title>
Savasma Sarki Soyle - Shut Up &amp; Sing 2006 Turkce Dublaj 
</title>
<stream_url>
http://www.filmifullizle.com/savasma-sarki-soyle-shut-up-sing-2006-turkce-dublaj-izle.html
</stream_url>
<logo_30x30>
http://resim.filmifullizle.com/resimler/filmifull-savassarkıı.jpg
</logo_30x30>
<description>
aciklama
</description>
</channel>
<channel>
<title>
Denizin Krali Sea Rex - Sea Rex 3D Journey To A Prehistoric World 2010 Turkce Dublaj 
</title>
<stream_url>
http://www.filmifullizle.com/denizin-krali-sea-rex-sea-rex-3d-journey-to-a-prehistoric-world-2010-turkce-dublaj-izle.html
</stream_url>
<logo_30x30>
http://resim.filmifullizle.com/resimler/filmifull-searex.jpg
</logo_30x30>
<description>
aciklama
</description>
</channel>
<channel>
<title>
Beyaz Aslan - White Lion 2010 Turkce Dublaj 
</title>
<stream_url>
http://www.filmifullizle.com/beyaz-aslan-white-lion-2010-turkce-dublaj-izle.html
</stream_url>
<logo_30x30>
http://resim.filmifullizle.com/resimler/filmifull-beyazaslan.jpg
</logo_30x30>
<description>
aciklama
</description>
</channel>
<channel>
<title>
Kutup Ayilari Buzdaki Casus - SEE RANK Polar Bears Spy on the Ice 2010 Turkce Dublaj 
</title>
<stream_url>
http://www.filmifullizle.com/kutup-ayilari-buzdaki-casus-see-rank-polar-bears-spy-on-the-ice-2010-turkce-dublaj-izle.html
</stream_url>
<logo_30x30>
http://resim.filmifullizle.com/resimler/filmifull-kutupbuzdakicasus.jpg
</logo_30x30>
<description>
aciklama
</description>
</channel>
<channel>
<title>
Discovery Channel - Siradisi Dovus Sanatlari Turkce Dublaj 
</title>
<stream_url>
http://www.filmifullizle.com/discovery-channel-siradisi-dovus-sanatlari-turkce-dublaj-izle.html
</stream_url>
<logo_30x30>
http://resim.filmifullizle.com/resimler/filmifull-sıradısıdovussanat.jpg
</logo_30x30>
<description>
aciklama
</description>
</channel>
<channel>
<title>
Filmler Hakkinda Onemli Duyuru
</title>
<stream_url>
http://www.filmifullizle.com/filmler-hakkinda-onemli-duyuru.html
</stream_url>
<logo_30x30>
http://resim.filmifullizle.com/resimler/filmifull-duyuru2.jpg
</logo_30x30>
<description>
aciklama
</description>
</channel>
<channel>
<title>
Okyanuslar - Oceans 2009 Turkce Dublaj 
</title>
<stream_url>
http://www.filmifullizle.com/okyanuslar-oceans-2009-turkce-dublaj-izle.html
</stream_url>
<logo_30x30>
http://resim.filmifullizle.com/resimler/filmifull-okyanuslar.jpg
</logo_30x30>
<description>
aciklama
</description>
</channel>
<channel>
<title>
Duyuru 26 Nisan 2012
</title>
<stream_url>
http://www.filmifullizle.com/onemli-duyuru.html
</stream_url>
<logo_30x30>
http://resim.filmifullizle.com/resimler/filmifull-duyuru2.jpg
</logo_30x30>
<description>
aciklama
</description>
</channel>
<channel>
<title>
Hayatin Hizi - Speed Of Life 2010 Turkce Dublaj 
</title>
<stream_url>
http://www.filmifullizle.com/hayatin-hizi-speed-of-life-2010-turkce-dublaj-izle.html
</stream_url>
<logo_30x30>
http://resim.filmifullizle.com/resimler/filmifull-hayatınhızı.jpg
</logo_30x30>
<description>
aciklama
</description>
</channel>
<channel>
<title>
Fatih Sultan Mehmet Belgeseli 
</title>
<stream_url>
http://www.filmifullizle.com/fatih-sultan-mehmet-belgeseli-izle.html
</stream_url>
<logo_30x30>
http://resim.filmifullizle.com/resimler/filmifull-fatihsultann.jpg
</logo_30x30>
<description>
aciklama
</description>
</channel>
<channel>
<title>
Afrika Kedileri - Africa Cats 2011 Turkce Dublaj 
</title>
<stream_url>
http://www.filmifullizle.com/afrika-kedileri-africa-cats-2011-turkce-dublaj-izle.html
</stream_url>
<logo_30x30>
http://resim.filmifullizle.com/resimler/filmifull-afrikakedileri.jpg
</logo_30x30>
<description>
aciklama
</description>
</channel>
<channel>
<title>
Karadedeler Olayi Filmi   2011
</title>
<stream_url>
http://www.filmifullizle.com/karadedeler-olayi-filmi-full-izle-2011.html
</stream_url>
<logo_30x30>
http://resim.filmifullizle.com/resimler/filmifull-karadedeler.jpg
</logo_30x30>
<description>
aciklama
</description>
</channel>
<channel>
<title>
Ayilar ve Ormandaki Casus &amp; Bears Spy in the Woods Turkce Dublaj 
</title>
<stream_url>
http://www.filmifullizle.com/ayilar-ve-ormandaki-casus-bears-spy-in-the-woods-turkce-dublaj-izle.html
</stream_url>
<logo_30x30>
http://resim.filmifullizle.com/resimler/filmifull-ayılarcasus.jpg
</logo_30x30>
<description>
aciklama
</description>
</channel>
<channel>
<title>
Eastwood Faktoru - The Eastwood Factor 2010 Turkce Dublaj 
</title>
<stream_url>
http://www.filmifullizle.com/eastwood-faktoru-the-eastwood-factor-2010-turkce-dublaj-izle.html
</stream_url>
<logo_30x30>
http://resim.filmifullizle.com/resimler/filmifull-Eastwood.jpg
</logo_30x30>
<description>
aciklama
</description>
</channel>
<channel>
<title>
Antiloplar Goc Yolundaki Casus Trek - Spy On The Wildebeest Turkce Dublaj 
</title>
<stream_url>
http://www.filmifullizle.com/antiloplar-goc-yolundaki-casus-trek-spy-on-the-wildebeest-turkce-dublaj-izle.html
</stream_url>
<logo_30x30>
http://resim.filmifullizle.com/resimler/filmifull-antilopgoc.jpg
</logo_30x30>
<description>
aciklama
</description>
</channel>
<channel>
<title>
Nostradamus un Kayip Kitabi 2007 Turkce Dublaj 
</title>
<stream_url>
http://www.filmifullizle.com/nostradamus%e2%80%99un-kayip-kitabi-2007-turkce-dublaj-izle.html
</stream_url>
<logo_30x30>
http://resim.filmifullizle.com/resimler/filmifull-kayıpkitap.jpg
</logo_30x30>
<description>
aciklama
</description>
</channel>
<channel>
<title>
Senna 2010 Turkce Dublaj 
</title>
<stream_url>
http://www.filmifullizle.com/senna-2010-turkce-dublaj-izle.html
</stream_url>
<logo_30x30>
http://resim.filmifullizle.com/resimler/filmifull-senna.jpg
</logo_30x30>
<description>
aciklama
</description>
</channel>
<channel>
<title>
Jackass 3-D Film  |Turkce Dublaj|
</title>
<stream_url>
http://www.filmifullizle.com/jackass-3-d-film-izle.html
</stream_url>
<logo_30x30>
http://resim.filmifullizle.com/foto/jackass_3d_poster_03-210x300.jpg
</logo_30x30>
<description>
aciklama
</description>
</channel>
<channel>
<title>
Justin Bieber: Never Say Never  2011 Turkce Dublaj 
</title>
<stream_url>
http://www.filmifullizle.com/justin-bieber-never-say-never-2011-turkce-dublaj-izle.html
</stream_url>
<logo_30x30>
http://resim.filmifullizle.com/foto/1702443.jpg
</logo_30x30>
<description>
aciklama
</description>
</channel>
<channel>
<title>
Copluk &amp; Waste Land 2010 Turkce Dublaj 
</title>
<stream_url>
http://www.filmifullizle.com/copluk-waste-land-2010-turkce-dublaj-izle.html
</stream_url>
<logo_30x30>
http://resim.filmifullizle.com/foto/plkg.jpg
</logo_30x30>
<description>
aciklama
</description>
</channel>
<channel>
<title>
Samuray : Antik Dunyanin Kayip Hazineleri &amp; Samurai Japan 2000 Turkce Dublaj 
</title>
<stream_url>
http://www.filmifullizle.com/samuray-antik-dunyanin-kayip-hazineleri-samurai-japan-2000-turkce-dublaj-izle.html
</stream_url>
<logo_30x30>
http://resim.filmifullizle.com/foto/samuray.jpg
</logo_30x30>
<description>
aciklama
</description>
</channel>
<channel>
<title>
Jackass 3.5 - |Turkce Dublaj| 2011 Izle
</title>
<stream_url>
http://www.filmifullizle.com/jackass-3-5-turkce-dublaj-2011-izle.html
</stream_url>
<logo_30x30>
http://resim.filmifullizle.com/foto//jack1-202x300.jpg
</logo_30x30>
<description>
aciklama
</description>
</channel>
<channel>
<title>
NTV Hayat BBC Life Bolum 3 -  720p |Turkce Dublaj| 
</title>
<stream_url>
http://www.filmifullizle.com/ntv-hayat-bbc-life-bolum-3-720p-turkce-dublaj-izle.html
</stream_url>
<logo_30x30>
http://resim.filmifullizle.com/foto/ntv-202x300.jpg
</logo_30x30>
<description>
aciklama
</description>
</channel>
<channel>
<title>
NTV Hayat BBC Life Bolum 2 -  720p |Turkce Dublaj| 
</title>
<stream_url>
http://www.filmifullizle.com/ntv-hayat-bbc-life-bolum-2-720p-turkce-dublaj-izle.html
</stream_url>
<logo_30x30>
http://resim.filmifullizle.com/foto/ntv-202x300.jpg
</logo_30x30>
<description>
aciklama
</description>
</channel>
</liste>
