<?xml version="1.0" encoding="utf-8"?>
<liste>
<channel>
<title>
Lanetli Tapinak - Sands of Oblivion 2007 Turkce Dublaj 
</title>
<stream_url>
http://www.filmifullizle.com/lanetli-tapinak-sands-of-oblivion-2007-turkce-dublaj-izle.html
</stream_url>
<logo_30x30>
http://resim.filmifullizle.com/resimler/filmifull-lanetlitapınak.jpg
</logo_30x30>
<description>
aciklama
</description>
</channel>
<channel>
<title>
Max Manus 2008 Turkce Dublaj 
</title>
<stream_url>
http://www.filmifullizle.com/max-manus-2008-turkce-dublaj-izle.html
</stream_url>
<logo_30x30>
http://resim.filmifullizle.com/resimler/filmifull-maxmenuss.jpg
</logo_30x30>
<description>
aciklama
</description>
</channel>
<channel>
<title>
Gorunmez Savasci - Stealth 2005 Turkce Dublaj 
</title>
<stream_url>
http://www.filmifullizle.com/gorunmez-savasci-stealth-2005-turkce-dublaj-izle.html
</stream_url>
<logo_30x30>
http://resim.filmifullizle.com/resimler/filmifull-gorunmezsavascıı.jpg
</logo_30x30>
<description>
aciklama
</description>
</channel>
<channel>
<title>
Stolen 2012 Turkce Altyazili 
</title>
<stream_url>
http://www.filmifullizle.com/stolen-2012-turkce-altyazili-izle.html
</stream_url>
<logo_30x30>
http://resim.filmifullizle.com/resimler/filmifull-stolenn.jpg
</logo_30x30>
<description>
aciklama
</description>
</channel>
<channel>
<title>
The Expatriate 2012 Turkce Altyazili 
</title>
<stream_url>
http://www.filmifullizle.com/the-expatriate-2012-turkce-altyazili-izle.html
</stream_url>
<logo_30x30>
http://resim.filmifullizle.com/resimler/filmifull-Expatriate.jpg
</logo_30x30>
<description>
aciklama
</description>
</channel>
<channel>
<title>
Vampir Avcisi - Abraham Lincoln 2012 Turkce Dublaj 
</title>
<stream_url>
http://www.filmifullizle.com/vampir-avcisi-abraham-lincoln-2012-turkce-dublaj-izle.html
</stream_url>
<logo_30x30>
http://resim.filmifullizle.com/resimler/filmifull-vampiravcısı2012.jpg
</logo_30x30>
<description>
aciklama
</description>
</channel>
<channel>
<title>
Barikat - Barricade 2012 Turkce Altyazili 
</title>
<stream_url>
http://www.filmifullizle.com/barikat-barricade-2012-turkce-altyazili-izle.html
</stream_url>
<logo_30x30>
http://resim.filmifullizle.com/resimler/filmifull-barikatt.jpg
</logo_30x30>
<description>
aciklama
</description>
</channel>
<channel>
<title>
Zaman Makinasi - The Time Machine 2002 Turkce Dublaj 
</title>
<stream_url>
http://www.filmifullizle.com/zaman-makinasi-the-time-machine-2002-turkce-dublaj-izle.html
</stream_url>
<logo_30x30>
http://resim.filmifullizle.com/resimler/filmifull-zamanmakinası2002.jpg
</logo_30x30>
<description>
aciklama
</description>
</channel>
<channel>
<title>
August Eighth 2012 Turkce Altyazili 
</title>
<stream_url>
http://www.filmifullizle.com/august-eighth-2012-turkce-altyazili-izle.html
</stream_url>
<logo_30x30>
http://resim.filmifullizle.com/resimler/filmifull-August.jpg
</logo_30x30>
<description>
aciklama
</description>
</channel>
<channel>
<title>
Karanlik Gezegen &amp; Obitaemyy ostrov 2008 Turkce Dublaj 
</title>
<stream_url>
http://www.filmifullizle.com/karanlik-gezegen-obitaemyy-ostrov-2008-turkce-dublaj-izle.html
</stream_url>
<logo_30x30>
http://resim.filmifullizle.com/resimler/filmifull-karanlıkgezegen.jpg
</logo_30x30>
<description>
aciklama
</description>
</channel>
<channel>
<title>
Uzay Yolu - Star Trek 2009 Turkce Dublaj 
</title>
<stream_url>
http://www.filmifullizle.com/uzay-yolu-star-trek-2009-turkce-dublaj-izle.html
</stream_url>
<logo_30x30>
http://resim.filmifullizle.com/resimler/filmifull-uzayyolu2009.jpg
</logo_30x30>
<description>
aciklama
</description>
</channel>
<channel>
<title>
Turkisch fur Anfnger 2012 Turkce Altyazili 
</title>
<stream_url>
http://www.filmifullizle.com/turkisch-fur-anfanger-2012-turkce-altyazili-izle.html
</stream_url>
<logo_30x30>
http://resim.filmifullizle.com/resimler/filmifull-turkischfur.jpg
</logo_30x30>
<description>
aciklama
</description>
</channel>
<channel>
<title>
Isyan - Rebellion 2011 Turkce Altyazili 
</title>
<stream_url>
http://www.filmifullizle.com/isyan-rebellion-2911-turkce-altyazili-izle.html
</stream_url>
<logo_30x30>
http://resim.filmifullizle.com/resimler/filmifull-isyannnn.jpg
</logo_30x30>
<description>
aciklama
</description>
</channel>
<channel>
<title>
The Four 2012 Turkce Altyazili 
</title>
<stream_url>
http://www.filmifullizle.com/the-four-2012-turkce-altyazili-izle.html
</stream_url>
<logo_30x30>
http://resim.filmifullizle.com/resimler/filmifull-thefour.jpg
</logo_30x30>
<description>
aciklama
</description>
</channel>
<channel>
<title>
Koruyucu - Safe 2012 Turkce Dublaj 
</title>
<stream_url>
http://www.filmifullizle.com/koruyucu-safe-2012-turkce-dublaj-izle.html
</stream_url>
<logo_30x30>
http://resim.filmifullizle.com/resimler/filmifull-koruyucuu.jpg
</logo_30x30>
<description>
aciklama
</description>
</channel>
<channel>
<title>
Bait 2012 Turkce Altyazili 
</title>
<stream_url>
http://www.filmifullizle.com/bait-2012-turkce-altyazili-izle.html
</stream_url>
<logo_30x30>
http://resim.filmifullizle.com/resimler/filmifull-bait.jpg
</logo_30x30>
<description>
aciklama
</description>
</channel>
<channel>
<title>
Sabotaj - Sabotage Turkce Dublaj 
</title>
<stream_url>
http://www.filmifullizle.com/sabotaj-sabotage-turkce-dublaj-izle.html
</stream_url>
<logo_30x30>
http://resim.filmifullizle.com/resimler/filmifull-sabotaj.jpg
</logo_30x30>
<description>
aciklama
</description>
</channel>
<channel>
<title>
Resident Evil Damnation 2012 Turkce Dublaj 
</title>
<stream_url>
http://www.filmifullizle.com/resident-evil-damnation-2012-turkce-dublaj-izle.html
</stream_url>
<logo_30x30>
http://resim.filmifullizle.com/resimler/filmifull-residentevildamnation.jpg
</logo_30x30>
<description>
aciklama
</description>
</channel>
<channel>
<title>
Resident Evil 5 intikam - Resident Evil  Retribution 2012 Turkce Altyazili 
</title>
<stream_url>
http://www.filmifullizle.com/resident-evil-5-intikam-resident-evil-retribution-2012-turkce-altyazili-izle.html
</stream_url>
<logo_30x30>
http://resim.filmifullizle.com/resimler/filmifull-resident 5.jpg
</logo_30x30>
<description>
aciklama
</description>
</channel>
<channel>
<title>
Olumsuz Savasci - Beowulf 2007 Turkce Dublaj 
</title>
<stream_url>
http://www.filmifullizle.com/olumsuz-savasci-beowulf-2007-turkce-dublaj-izle.html
</stream_url>
<logo_30x30>
http://resim.filmifullizle.com/resimler/filmifull-olumsuzsavascıı.jpg
</logo_30x30>
<description>
aciklama
</description>
</channel>
<channel>
<title>
Tehlikeli Aslar 1 - Smokin' Aces 2006 Turkce Dublaj 
</title>
<stream_url>
http://www.filmifullizle.com/tehlikeli-aslar-1-smokin-aces-2006-turkce-dublaj-izle.html
</stream_url>
<logo_30x30>
http://resim.filmifullizle.com/resimler/filmifull-tehlikeliaslar1.jpg
</logo_30x30>
<description>
aciklama
</description>
</channel>
<channel>
<title>
Kasap &amp; The Butcher 2009 Turkce Dublaj 
</title>
<stream_url>
http://www.filmifullizle.com/kasap-the-butcher-2009-turkce-dublaj-izle.html
</stream_url>
<logo_30x30>
http://resim.filmifullizle.com/resimler/filmifull-kasap2009.jpg
</logo_30x30>
<description>
aciklama
</description>
</channel>
<channel>
<title>
Prometheus 2012 Turkce Dublaj 
</title>
<stream_url>
http://www.filmifullizle.com/prometheus-2012-turkce-dublaj-izle.html
</stream_url>
<logo_30x30>
http://resim.filmifullizle.com/resimler/filmifull-Prometheus.jpg
</logo_30x30>
<description>
aciklama
</description>
</channel>
<channel>
<title>
Guzel Tanik - Cat Run 2011 Turkce Dublaj 
</title>
<stream_url>
http://www.filmifullizle.com/guzel-tanik-cat-run-2011-turkce-dublaj-izle.html
</stream_url>
<logo_30x30>
http://resim.filmifullizle.com/resimler/filmifull-guzeltanıkk.jpg
</logo_30x30>
<description>
aciklama
</description>
</channel>
<channel>
<title>
Dunyanin Uzak Ucu - Master and Commander The Far Side of the World 2003 Turkce Dublaj 
</title>
<stream_url>
http://www.filmifullizle.com/dunyanin-uzak-ucu-master-and-commander-the-far-side-of-the-world-2003-turkce-dublaj-izle.html
</stream_url>
<logo_30x30>
http://resim.filmifullizle.com/resimler/filmifull-dunyanınuzakucu.jpg
</logo_30x30>
<description>
aciklama
</description>
</channel>
<channel>
<title>
Yalanlar ustune - Body Of Lies 2008 Turkce Dublaj 
</title>
<stream_url>
http://www.filmifullizle.com/yalanlar-ustune-body-of-lies-2008-turkce-dublaj-izle.html
</stream_url>
<logo_30x30>
http://resim.filmifullizle.com/resimler/filmifull-yalanlarustunee.jpg
</logo_30x30>
<description>
aciklama
</description>
</channel>
<channel>
<title>
Gri Kurt - The Grey 2012 Turkce Dublaj 
</title>
<stream_url>
http://www.filmifullizle.com/gri-kurt-the-grey-2012-turkce-dublaj-izle.html
</stream_url>
<logo_30x30>
http://resim.filmifullizle.com/resimler/filmifull-grikurttt.jpg
</logo_30x30>
<description>
aciklama
</description>
</channel>
<channel>
<title>
Korkusuz - Fearless 2006 Turkce Dublaj 
</title>
<stream_url>
http://www.filmifullizle.com/korkusuz-fearless-2006-turkce-dublaj-izle.html
</stream_url>
<logo_30x30>
http://resim.filmifullizle.com/resimler/filmifull-korkusuzzz.jpg
</logo_30x30>
<description>
aciklama
</description>
</channel>
</liste>
