<?xml version="1.0" encoding="utf-8"?>
<liste>
<channel>
<title>
Madagaskar 3 Avrupa nin En Cok Arananlari 720p HD - Madagascar 3 Europe's Most Wanted 2012 Turkce Dublaj 
</title>
<stream_url>
http://www.filmifullizle.com/madagaskar-3-avrupa-nin-en-cok-arananlari-720p-hd-madagascar-3-europes-most-wanted-2012-turkce-dublaj-izle.html
</stream_url>
<logo_30x30>
http://resim.filmifullizle.com/resimler/filmifull-madagascar3tr.jpg
</logo_30x30>
<description>
aciklama
</description>
</channel>
<channel>
<title>
Tarzan 720p HD 1999 Turkce Dublaj 
</title>
<stream_url>
http://www.filmifullizle.com/tarzan-720p-hd-1999-turkce-dublaj-izle.html
</stream_url>
<logo_30x30>
http://resim.filmifullizle.com/resimler/filmifull-tarzan1999.jpg
</logo_30x30>
<description>
aciklama
</description>
</channel>
<channel>
<title>
Gizemli Adaya Yolculuk - 720p HD Turkce Dublaj 
</title>
<stream_url>
http://www.filmifullizle.com/gizemli-adaya-yolculuk-720p-hd-turkce-dublaj-izle.html
</stream_url>
<logo_30x30>
http://resim.filmifullizle.com/resimler/filmifull-gizemliyolculukk.jpg
</logo_30x30>
<description>
aciklama
</description>
</channel>
<channel>
<title>
Dogaustu - Chronicle 2012 720p HD Turkce Dublaj 
</title>
<stream_url>
http://www.filmifullizle.com/dogaustu-chronicle-2012-720p-hd-turkce-dublaj-izle.html
</stream_url>
<logo_30x30>
http://resim.filmifullizle.com/resimler/filmifull-dogaustuu.jpg
</logo_30x30>
<description>
aciklama
</description>
</channel>
</liste>
