<?xml version="1.0" encoding="utf-8"?>
<liste>
<channel>
<title>
Max Manus 2008 Turkce Dublaj 
</title>
<stream_url>
http://www.filmifullizle.com/max-manus-2008-turkce-dublaj-izle.html
</stream_url>
<logo_30x30>
http://resim.filmifullizle.com/resimler/filmifull-maxmenuss.jpg
</logo_30x30>
<description>
aciklama
</description>
</channel>
<channel>
<title>
Yenilmez - Invictus 2009 Turkce Dublaj 
</title>
<stream_url>
http://www.filmifullizle.com/yenilmez-invictus-2009-turkce-dublaj-izle.html
</stream_url>
<logo_30x30>
http://resim.filmifullizle.com/resimler/filmifull-yenilmezz.jpg
</logo_30x30>
<description>
aciklama
</description>
</channel>
<channel>
<title>
Son Degil Baslangic - Das Ende ist mein Anfang 2010 Turkce Dublaj 
</title>
<stream_url>
http://www.filmifullizle.com/son-degil-baslangic-das-ende-ist-mein-anfang-2010-turkce-dublaj-izle.html
</stream_url>
<logo_30x30>
http://resim.filmifullizle.com/resimler/filmifull-sondegıl.jpg
</logo_30x30>
<description>
aciklama
</description>
</channel>
<channel>
<title>
Khodorkovsky 2011 Turkce Dublaj 
</title>
<stream_url>
http://www.filmifullizle.com/khodorkovsky-2011-turkce-dublaj-izle.html
</stream_url>
<logo_30x30>
http://resim.filmifullizle.com/resimler/filmifull-Khodorkovsky.jpg
</logo_30x30>
<description>
aciklama
</description>
</channel>
<channel>
<title>
Can Dostum - Intouchables 2011 Turkce Dublaj 
</title>
<stream_url>
http://www.filmifullizle.com/can-dostum-intouchables-2011-turkce-dublaj-izle.html
</stream_url>
<logo_30x30>
http://resim.filmifullizle.com/resimler/filmifull-candostumm.jpg
</logo_30x30>
<description>
aciklama
</description>
</channel>
<channel>
<title>
Korkusuz - Fearless 2006 Turkce Dublaj 
</title>
<stream_url>
http://www.filmifullizle.com/korkusuz-fearless-2006-turkce-dublaj-izle.html
</stream_url>
<logo_30x30>
http://resim.filmifullizle.com/resimler/filmifull-korkusuzzz.jpg
</logo_30x30>
<description>
aciklama
</description>
</channel>
<channel>
<title>
Dualar Bobby Icin - Prayers for Bobby 2009 Turkce Dublaj 
</title>
<stream_url>
http://www.filmifullizle.com/dualar-bobby-icin-prayers-for-bobby-2009-turkce-dublaj-izle.html
</stream_url>
<logo_30x30>
http://resim.filmifullizle.com/resimler/filmifull-dualarbobbyin.jpg
</logo_30x30>
<description>
aciklama
</description>
</channel>
<channel>
<title>
Muhtesem Munazaracilar &amp; The Great Debaters 2007 Turkce Dublaj 
</title>
<stream_url>
http://www.filmifullizle.com/muhtesem-munazaracilar-the-great-debaters-2007-turkce-dublaj-izle.html
</stream_url>
<logo_30x30>
http://resim.filmifullizle.com/resimler/filmifull-muhtesemmunazaracılar.jpg
</logo_30x30>
<description>
aciklama
</description>
</channel>
<channel>
<title>
Hollywood ulkesi - Hollywoodland 2006 Turkce Dublaj 
</title>
<stream_url>
http://www.filmifullizle.com/hollywood-ulkesi-hollywoodland-2006-turkce-dublaj-izle.html
</stream_url>
<logo_30x30>
http://resim.filmifullizle.com/resimler/filmifull-hollwoodulkesi.jpg
</logo_30x30>
<description>
aciklama
</description>
</channel>
<channel>
<title>
Savasma Sarki Soyle - Shut Up &amp; Sing 2006 Turkce Dublaj 
</title>
<stream_url>
http://www.filmifullizle.com/savasma-sarki-soyle-shut-up-sing-2006-turkce-dublaj-izle.html
</stream_url>
<logo_30x30>
http://resim.filmifullizle.com/resimler/filmifull-savassarkıı.jpg
</logo_30x30>
<description>
aciklama
</description>
</channel>
<channel>
<title>
Kehanet - Vision 2009 Turkce Dublaj 
</title>
<stream_url>
http://www.filmifullizle.com/kehanet-vision-2009-turkce-dublaj-izle.html
</stream_url>
<logo_30x30>
http://resim.filmifullizle.com/resimler/filmifull-kehanett.jpg
</logo_30x30>
<description>
aciklama
</description>
</channel>
<channel>
<title>
Bolum 27 - Chapter 27 2007 Turkce Dublaj 
</title>
<stream_url>
http://www.filmifullizle.com/bolum-27-chapter-27-2007-turkce-dublaj-izle.html
</stream_url>
<logo_30x30>
http://resim.filmifullizle.com/resimler/filmifull-bolum27.jpg
</logo_30x30>
<description>
aciklama
</description>
</channel>
<channel>
<title>
On Cephe - La prima linea 2009 Turkce Dublaj 
</title>
<stream_url>
http://www.filmifullizle.com/on-cephe-la-prima-linea-2009-turkce-dublaj-izle.html
</stream_url>
<logo_30x30>
http://resim.filmifullizle.com/resimler/filmifull-oncephe.jpg
</logo_30x30>
<description>
aciklama
</description>
</channel>
<channel>
<title>
Cilgin - Crazy 2008 Turkce Dublaj 
</title>
<stream_url>
http://www.filmifullizle.com/cilgin-crazy-2008-turkce-dublaj-izle.html
</stream_url>
<logo_30x30>
http://resim.filmifullizle.com/resimler/filmifull-cılgıncrazz.jpg
</logo_30x30>
<description>
aciklama
</description>
</channel>
<channel>
<title>
Allah in Sadik Kulu Barla Filmi   2011
</title>
<stream_url>
http://www.filmifullizle.com/allah-in-sadik-kulu-barla-filmi-full-izle-2011.html
</stream_url>
<logo_30x30>
http://resim.filmifullizle.com/resimler/filmifull-allahınsadıkkulubarla.jpg
</logo_30x30>
<description>
aciklama
</description>
</channel>
<channel>
<title>
Demir Leydi - The Iron Lady 2011 Turkce Dublaj 
</title>
<stream_url>
http://www.filmifullizle.com/demir-leydi-the-iron-lady-2011-turkce-dublaj-izle.html
</stream_url>
<logo_30x30>
http://resim.filmifullizle.com/resimler/filmifull-demirleydii.jpg
</logo_30x30>
<description>
aciklama
</description>
</channel>
<channel>
<title>
Veda Filmi   2010
</title>
<stream_url>
http://www.filmifullizle.com/veda-filmi-full-izle-2010.html
</stream_url>
<logo_30x30>
http://resim.filmifullizle.com/resimler/filmifull-vedamustafakemal.jpg
</logo_30x30>
<description>
aciklama
</description>
</channel>
<channel>
<title>
Koruyucu - Machine Gun Preacher 2011 Turkce Dublaj 
</title>
<stream_url>
http://www.filmifullizle.com/koruyucu-machine-gun-preacher-2011-turkce-dublaj-izle.html
</stream_url>
<logo_30x30>
http://resim.filmifullizle.com/resimler/filmifull-koruyucumachine.jpg
</logo_30x30>
<description>
aciklama
</description>
</channel>
<channel>
<title>
Filmler Hakkinda Onemli Duyuru
</title>
<stream_url>
http://www.filmifullizle.com/filmler-hakkinda-onemli-duyuru.html
</stream_url>
<logo_30x30>
http://resim.filmifullizle.com/resimler/filmifull-duyuru2.jpg
</logo_30x30>
<description>
aciklama
</description>
</channel>
<channel>
<title>
Spartacus Vengeance 2. Sezon 9. Bolum Turkce Dublaj 
</title>
<stream_url>
http://www.filmifullizle.com/spartacus-vengeance-2-sezon-9-bolum-turkce-dublaj-izle.html
</stream_url>
<logo_30x30>
http://resim.filmifullizle.com/resimler/filmifull-SpartacusVengeance.jpg
</logo_30x30>
<description>
aciklama
</description>
</channel>
<channel>
<title>
Bagimlilik - Mr. Nice 2010 Turkce Dublaj 
</title>
<stream_url>
http://www.filmifullizle.com/bagimlilik-mr-nice-2010-turkce-dublaj-izle.html
</stream_url>
<logo_30x30>
http://resim.filmifullizle.com/resimler/filmifull-bagımlılık.jpg
</logo_30x30>
<description>
aciklama
</description>
</channel>
<channel>
<title>
Spartacus Vengeance 2. Sezon 8. Bolum Turkce Dublaj 
</title>
<stream_url>
http://www.filmifullizle.com/spartacus-vengeance-2-sezon-8-bolum-turkce-dublaj-izle.html
</stream_url>
<logo_30x30>
http://resim.filmifullizle.com/resimler/filmifull-SpartacusVengeance.jpg
</logo_30x30>
<description>
aciklama
</description>
</channel>
<channel>
<title>
Spartacus Vengeance 2. Sezon 7. Bolum Turkce Dublaj 
</title>
<stream_url>
http://www.filmifullizle.com/spartacus-vengeance-2-sezon-7-bolum-turkce-dublaj-izle.html
</stream_url>
<logo_30x30>
http://resim.filmifullizle.com/resimler/filmifull-SpartacusVengeance.jpg
</logo_30x30>
<description>
aciklama
</description>
</channel>
<channel>
<title>
Duyuru 26 Nisan 2012
</title>
<stream_url>
http://www.filmifullizle.com/onemli-duyuru.html
</stream_url>
<logo_30x30>
http://resim.filmifullizle.com/resimler/filmifull-duyuru2.jpg
</logo_30x30>
<description>
aciklama
</description>
</channel>
<channel>
<title>
Kayip Katil &amp; Amber's Story 2006 Turkce Dublaj 
</title>
<stream_url>
http://www.filmifullizle.com/kayip-katil-ambers-story-2006-turkce-dublaj-izle.html
</stream_url>
<logo_30x30>
http://resim.filmifullizle.com/resimler/filmifull-kayıpkatil.jpg
</logo_30x30>
<description>
aciklama
</description>
</channel>
<channel>
<title>
Spartacus Vengeance 2. Sezon 6. Bolum Turkce Dublaj 
</title>
<stream_url>
http://www.filmifullizle.com/spartacus-vengeance-2-sezon-6-bolum-turkce-dublaj-izle.html
</stream_url>
<logo_30x30>
http://resim.filmifullizle.com/resimler/filmifull-SpartacusVengeance.jpg
</logo_30x30>
<description>
aciklama
</description>
</channel>
<channel>
<title>
Yanlis Adam &amp; The Wronged Man 2010 Turkce Dublaj 
</title>
<stream_url>
http://www.filmifullizle.com/yanlis-adam-the-wronged-man-2010-turkce-dublaj-izle.html
</stream_url>
<logo_30x30>
http://resim.filmifullizle.com/resimler/filmifull-yanlısadam.jpg
</logo_30x30>
<description>
aciklama
</description>
</channel>
<channel>
<title>
Kasirganin Icinde &amp; Within the Whirlwind 2009 Turkce Dublaj 
</title>
<stream_url>
http://www.filmifullizle.com/kasirganin-icinde-within-the-whirlwind-2009-turkce-dublaj-izle.html
</stream_url>
<logo_30x30>
http://resim.filmifullizle.com/resimler/filmifull-kasırganınicinde.jpg
</logo_30x30>
<description>
aciklama
</description>
</channel>
</liste>
