<?xml version="1.0" encoding="utf-8"?>
<liste>
<channel>
<title>
Tabanca - Revolver 2005 Turkce Dublaj 
</title>
<stream_url>
http://www.filmifullizle.com/tabanca-revolver-2005-turkce-dublaj-izle-2.html
</stream_url>
<logo_30x30>
http://resim.filmifullizle.com/resimler/filmifull-tabanca-2005.jpg
</logo_30x30>
<description>
aciklama
</description>
</channel>
<channel>
<title>
Tanridan Gelen - Godsend 2004 Turkce Dublaj 
</title>
<stream_url>
http://www.filmifullizle.com/tanridan-gelen-godsend-2004-turkce-dublaj-izle.html
</stream_url>
<logo_30x30>
http://resim.filmifullizle.com/resimler/filmifull-tanrıdangelen.jpg
</logo_30x30>
<description>
aciklama
</description>
</channel>
<channel>
<title>
Max Manus 2008 Turkce Dublaj 
</title>
<stream_url>
http://www.filmifullizle.com/max-manus-2008-turkce-dublaj-izle.html
</stream_url>
<logo_30x30>
http://resim.filmifullizle.com/resimler/filmifull-maxmenuss.jpg
</logo_30x30>
<description>
aciklama
</description>
</channel>
<channel>
<title>
Mac Sayisi - Match Point 2005 Turkce Dublaj 
</title>
<stream_url>
http://www.filmifullizle.com/mac-sayisi-match-point-2005-turkce-dublaj-izle.html
</stream_url>
<logo_30x30>
http://resim.filmifullizle.com/resimler/filmifull-macsayısı.jpg
</logo_30x30>
<description>
aciklama
</description>
</channel>
<channel>
<title>
Havada Olum - Hindenburg 2011 Turkce Dublaj 
</title>
<stream_url>
http://www.filmifullizle.com/havada-olum-hindenburg-2011-turkce-dublaj-izle.html
</stream_url>
<logo_30x30>
http://resim.filmifullizle.com/resimler/filmifull-havadaolumm.jpg
</logo_30x30>
<description>
aciklama
</description>
</channel>
<channel>
<title>
Ozgur Adamlar - Les hommes libres 2011 Turkce Dublaj 
</title>
<stream_url>
http://www.filmifullizle.com/ozgur-adamlar-les-hommes-libres-2011-turkce-dublaj-izle.html
</stream_url>
<logo_30x30>
http://resim.filmifullizle.com/resimler/filmifull-ozguradamlarr.jpg
</logo_30x30>
<description>
aciklama
</description>
</channel>
<channel>
<title>
Rock Of Ages 2012 Turkce Dublaj 
</title>
<stream_url>
http://www.filmifullizle.com/rock-of-ages-2012-turkce-dublaj-izle.html
</stream_url>
<logo_30x30>
http://resim.filmifullizle.com/resimler/filmifull-RockOfAges.jpg
</logo_30x30>
<description>
aciklama
</description>
</channel>
<channel>
<title>
Hick 2011 Turkce Altyazili 
</title>
<stream_url>
http://www.filmifullizle.com/hick-2011-turkce-altyazili-izle.html
</stream_url>
<logo_30x30>
http://resim.filmifullizle.com/resimler/filmifull-hick.jpg
</logo_30x30>
<description>
aciklama
</description>
</channel>
<channel>
<title>
Kibar Soyguncu &amp; Edwin Boyd 2011 Turkce Dublaj 
</title>
<stream_url>
http://www.filmifullizle.com/kibar-soyguncu-edwin-boyd-2011-turkce-dublaj-izle.html
</stream_url>
<logo_30x30>
http://resim.filmifullizle.com/resimler/filmifull-kibarsoyguncu.jpg
</logo_30x30>
<description>
aciklama
</description>
</channel>
<channel>
<title>
Tetikcinin Gecesi - Collateral 2004 Turkce Dublaj 
</title>
<stream_url>
http://www.filmifullizle.com/tetikcinin-gecesi-collateral-2004-turkce-dublaj-izle.html
</stream_url>
<logo_30x30>
http://resim.filmifullizle.com/resimler/filmifull-tetikciningecesi.jpg
</logo_30x30>
<description>
aciklama
</description>
</channel>
<channel>
<title>
Cosmopolis 2012 Turkce Altyazili 
</title>
<stream_url>
http://www.filmifullizle.com/cosmopolis-2012-turkce-altyazili-izle.html
</stream_url>
<logo_30x30>
http://resim.filmifullizle.com/resimler/filmifull-Cosmopolis.jpg
</logo_30x30>
<description>
aciklama
</description>
</channel>
<channel>
<title>
Olum Treni - The Edge - Kray 2010 Turkce Dublaj 
</title>
<stream_url>
http://www.filmifullizle.com/olum-treni-the-edge-kray-2010-turkce-dublaj-izle.html
</stream_url>
<logo_30x30>
http://resim.filmifullizle.com/resimler/filmifull-olumteniii.jpg
</logo_30x30>
<description>
aciklama
</description>
</channel>
<channel>
<title>
Sinirda - Fronti'res 2007 Turkce Dublaj 
</title>
<stream_url>
http://www.filmifullizle.com/sinirda-frontieres-2007-turkce-dublaj-izle.html
</stream_url>
<logo_30x30>
http://resim.filmifullizle.com/resimler/filmifull-sınırdaa.jpg
</logo_30x30>
<description>
aciklama
</description>
</channel>
<channel>
<title>
Hizmetkar Albert Nobbs &amp; Albert Nobbs 2011 Turkce Dublaj 
</title>
<stream_url>
http://www.filmifullizle.com/hizmetkar-albert-nobbs-albert-nobbs-2011-turkce-dublaj-izle.html
</stream_url>
<logo_30x30>
http://resim.filmifullizle.com/resimler/filmifull-hizmerkaralbert.jpg
</logo_30x30>
<description>
aciklama
</description>
</channel>
<channel>
<title>
Olumsuz &amp; Unbreakable 2000 Turkce Dublaj 
</title>
<stream_url>
http://www.filmifullizle.com/olumsuz-unbreakable-2000-turkce-dublaj-izle.html
</stream_url>
<logo_30x30>
http://resim.filmifullizle.com/resimler/filmifull-olumsuzzz.jpg
</logo_30x30>
<description>
aciklama
</description>
</channel>
<channel>
<title>
13 - Thirteen 2010 Turkce Dublaj 
</title>
<stream_url>
http://www.filmifullizle.com/13-thirteen-2010-turkce-dublaj-izle-2.html
</stream_url>
<logo_30x30>
http://resim.filmifullizle.com/resimler/filmifull-13thirteen.jpg
</logo_30x30>
<description>
aciklama
</description>
</channel>
<channel>
<title>
August Eighth 2012 Turkce Altyazili 
</title>
<stream_url>
http://www.filmifullizle.com/august-eighth-2012-turkce-altyazili-izle.html
</stream_url>
<logo_30x30>
http://resim.filmifullizle.com/resimler/filmifull-August.jpg
</logo_30x30>
<description>
aciklama
</description>
</channel>
<channel>
<title>
Sevgililer - The Beloved 2011 Turkce Dublaj 
</title>
<stream_url>
http://www.filmifullizle.com/sevgililer-the-beloved-2011-turkce-dublaj-izle.html
</stream_url>
<logo_30x30>
http://resim.filmifullizle.com/resimler/filmifull-sevgililerr.jpg
</logo_30x30>
<description>
aciklama
</description>
</channel>
<channel>
<title>
Ave 2011 Turkce Dublaj 
</title>
<stream_url>
http://www.filmifullizle.com/ave-2011-turkce-dublaj-izle.html
</stream_url>
<logo_30x30>
http://resim.filmifullizle.com/resimler/filmifull-ave.jpg
</logo_30x30>
<description>
aciklama
</description>
</channel>
<channel>
<title>
Dikkat Bebek Var - What to Expect When You're Expecting 2012 Turkce Dublaj 
</title>
<stream_url>
http://www.filmifullizle.com/dikkat-bebek-var-what-to-expect-when-youre-expecting-2012-turkce-dublaj-izle.html
</stream_url>
<logo_30x30>
http://resim.filmifullizle.com/resimler/filmifull-dikkatbebekvarr.jpg
</logo_30x30>
<description>
aciklama
</description>
</channel>
<channel>
<title>
Entrika - Arbitrage 2012 Turkce Altyazili 
</title>
<stream_url>
http://www.filmifullizle.com/entrika-arbitrage-2012-turkce-altyazili-izle.html
</stream_url>
<logo_30x30>
http://resim.filmifullizle.com/resimler/filmifull-entrika.jpg
</logo_30x30>
<description>
aciklama
</description>
</channel>
<channel>
<title>
Atlantis 2011 Turkce Dublaj 
</title>
<stream_url>
http://www.filmifullizle.com/atlantis-2011-turkce-dublaj-izle.html
</stream_url>
<logo_30x30>
http://resim.filmifullizle.com/resimler/filmifull-atlantisen.jpg
</logo_30x30>
<description>
aciklama
</description>
</channel>
<channel>
<title>
Yenilmez - Invictus 2009 Turkce Dublaj 
</title>
<stream_url>
http://www.filmifullizle.com/yenilmez-invictus-2009-turkce-dublaj-izle.html
</stream_url>
<logo_30x30>
http://resim.filmifullizle.com/resimler/filmifull-yenilmezz.jpg
</logo_30x30>
<description>
aciklama
</description>
</channel>
<channel>
<title>
Son Degil Baslangic - Das Ende ist mein Anfang 2010 Turkce Dublaj 
</title>
<stream_url>
http://www.filmifullizle.com/son-degil-baslangic-das-ende-ist-mein-anfang-2010-turkce-dublaj-izle.html
</stream_url>
<logo_30x30>
http://resim.filmifullizle.com/resimler/filmifull-sondegıl.jpg
</logo_30x30>
<description>
aciklama
</description>
</channel>
<channel>
<title>
Girl in Progress 2012 Turkce Altyazili 
</title>
<stream_url>
http://www.filmifullizle.com/girl-in-progress-2012-turkce-altyazili-izle.html
</stream_url>
<logo_30x30>
http://resim.filmifullizle.com/resimler/filmifull-progress.jpg
</logo_30x30>
<description>
aciklama
</description>
</channel>
<channel>
<title>
Khodorkovsky 2011 Turkce Dublaj 
</title>
<stream_url>
http://www.filmifullizle.com/khodorkovsky-2011-turkce-dublaj-izle.html
</stream_url>
<logo_30x30>
http://resim.filmifullizle.com/resimler/filmifull-Khodorkovsky.jpg
</logo_30x30>
<description>
aciklama
</description>
</channel>
<channel>
<title>
Yukaridaki Cocuk - Lenfant den haut 2012 Turkce Altyazili 
</title>
<stream_url>
http://www.filmifullizle.com/yukaridaki-cocuk-lenfant-den-haut-2012-turkce-altyazili-izle.html
</stream_url>
<logo_30x30>
http://resim.filmifullizle.com/resimler/filmifull-yukarıdakicocuk.jpg
</logo_30x30>
<description>
aciklama
</description>
</channel>
<channel>
<title>
Baris Sevgi Yanlis Anlamalar - Peace Love &amp; Misunderstanding 2011 Turkce Dublaj 
</title>
<stream_url>
http://www.filmifullizle.com/baris-sevgi-yanlis-anlamalar-peace-love-misunderstanding-2011-turkce-dublaj-izle.html
</stream_url>
<logo_30x30>
http://resim.filmifullizle.com/resimler/filmifull-barıssevgıyanlısanlamalar.jpg
</logo_30x30>
<description>
aciklama
</description>
</channel>
</liste>
