﻿<?xml version="1.0" encoding="UTF-8" standalone="yes"?>
<addon id="plugin.video.fullfilm"
       name="Full Film"
       version="0.0.4"
       provider-name="drascom">
  <requires>
    <import addon="xbmc.python" version="1.0"/>
	  </requires>
  <extension point="xbmc.python.pluginsource"
            library="default.py">
        <provides>video</provides>
  </extension>
  <extension point="xbmc.addon.metadata">
    <summary>Movies from filmifullzle.com</summary>
    <description>Search, download and watch Most recent Movies from filmifullzle.com / Tüm güncel Filmleri ister izleyin ister indirin</description>
    <platform>all</platform>
  </extension>
</addon>
