﻿<?xml version="1.0" encoding="UTF-8" standalone="yes"?>
<addon id="plugin.video.xbmctr"
       name="xbmcTR Media Center"
       version="0.2.0.7"
       provider-name="xbmcTR TEAM">
  <requires>
    <import addon="xbmc.python" version="1.0"/>
<import addon="script.module.beautifulsoup" version="3.0.8"/>
<import addon="script.module.simplejson" />
	  </requires>
  <extension point="xbmc.python.pluginsource"
            library="default.py">
        <provides>video</provides>
  </extension>
  <extension point="xbmc.addon.metadata">
    <summary>Videos Live TV Tvshows from many turkish sources</summary>
    <description>xbmcTR.com sunar..Canlı yayın, Diziler , Sİnema Filmeri Hepsi elinizin altında</description>
    <platform>all</platform>
  </extension>
</addon>